Restaurant,Review_Count,Avg_Star_Rating,Avg_Aspect_Ambience,Avg_Aspect_Cleanliness,Avg_Aspect_Food,Avg_Aspect_Location,Avg_Aspect_Price,Avg_Aspect_Service,Avg_Aspect_Waiting Time
'D' Selera Kelate,7,3.0,,,-0.27115,,,,
101 Food Center,6,3.3333333333333335,0.4404,,0.0502375,,0.0,,
103 Coffee Workshop,6,3.3333333333333335,0.4404,,0.1468,,-0.296,0.28595,0.0
16th St Cafe,1,2.0,,,,,,,
16th St. Cafe,24,3.5833333333333335,0.33580000000000004,,0.4287357142857143,,0.0,0.5134333333333333,0.5859
1825 Gallery Hotel,1,3.0,0.5232,,,,,0.4404,
1919 Restaurant,13,3.4615384615384617,0.39132500000000003,,0.1519228571428571,0.0,0.4404,0.3871,0.1591
1919 Restaurant Ipoh,35,3.0285714285714285,,,0.3076954545454545,0.1101,0.0,0.10482857142857142,
1919 Restaurant and Gallery,21,2.8095238095238093,0.2202,,0.14306666666666665,,-0.135575,-0.028200000000000003,0.0
1Stop Station Cafe,1,2.0,0.4404,,0.0,,,,
20 Chulia Lane Cafe,23,4.217391304347826,0.2873,,0.39283999999999997,0.5106,0.39893333333333336,0.33475,0.0
21 Bistro,19,3.4210526315789473,0.3142888888888889,,0.3520375,0.0,0.6249,0.16641,0.09106666666666667
218 Hainan Lor Mee,17,3.5294117647058822,,,0.2030875,,,,0.0
27@cove,7,4.142857142857143,0.46314999999999995,,,,,0.4215,
28 Food Centre,41,3.1707317073170733,,,0.15653,,0.0,0.4404,0.0
3 :15 Auntie Hong's Cooking,4,2.25,,,,,,0.0,
33 Blue Room,58,3.3620689655172415,0.4015722222222222,,0.3008441176470588,-0.0012199999999999989,0.0,0.30747450980392155,0.0
333 char kway teow,17,3.1176470588235294,,,0.3049,-0.31623333333333337,0.0,,0.0
362 Heong Peah 362炭烧香饼,33,2.909090909090909,,0.0,0.19473125,,,0.05757499999999999,
3H's Corner,3,1.6666666666666667,,,-0.1626,,0.0,-0.27115,0.0
3IC Food Station,20,3.05,,,0.105375,,,,
4 Fingers Crispy Chicken,14,2.642857142857143,0.0,,0.11224444444444444,,0.0,-0.2918,0.0
443 Bar Lounge,19,2.5789473684210527,0.17977500000000002,,0.27525,,0.0,0.29478333333333334,0.0
486 Baba Low,24,2.7083333333333335,0.296,,0.09437142857142858,0.0,0.0,-0.5423,0.0
4Fingers Crispy Chicken @ Sunway Pyramid,119,2.4201680672268906,0.14049999999999999,,0.1550689814814815,,0.0,-0.07327222222222222,0.0817
5 Foot Way,4,3.0,0.4215,,,0.4404,0.0,0.4404,0.0
5 Foot Way Bistro & Cafe,8,3.25,-0.296,,,,,,
7 Spice,187,2.9037433155080214,0.42369,,0.2880007882882883,0.14049999999999999,0.019823611111111108,0.08950934343434343,0.0
7 Spice Indian Cuisine,57,3.245614035087719,0.35195,0.4019,0.1872396672771673,0.0,0.0,0.34350294117647057,0.0
718 Pizza,10,4.2,0.4215,,0.3236,,-0.27115,,
7TNine Bar & Kitchen,8,2.0,0.5984,,0.1129,,,-0.2263,
7th Mile Kitchen,3,4.333333333333333,,,0.0,,,,
8 Lotus Cafe,1,1.0,,,,,,,
86 Cold Drink,11,2.727272727272727,,,0.4404,,,,
86 Cold Drinks,1,3.0,,,,0.0,,,
93C Cafe,1,4.0,,,0.0,,,,
A Jie Cafe,53,3.6037735849056602,0.4723333333333333,,0.24061,,0.2202,0.20928,0.214275
A famosa curry chicken bread,1,5.0,,,,,,,
A&w,1,3.0,,,,,,,
A-Gong's Laksa,1,3.0,,,,,,,
ABC Bistro Cafe,124,2.693548387096774,0.4404,,0.2187593023255814,0.20584999999999998,0.026516666666666664,-0.13357105263157895,0.0
ABC Foods Corner,4,2.0,,,0.0,,,-0.23835,
ADU Sugar Restaurant,11,3.909090909090909,0.446175,,0.270835,,,0.2263,
AIN- ARABIA Restaurant & Cafe Langkawi,49,4.122448979591836,0.4404,,0.24614633333333333,0.2202,0.1749166666666667,0.4213045454545455,0.5719
AK Noodles,1,4.0,,,,,,,
AK Noodles House,1,3.0,,,,,,,
AK Noodles House - Johor Bahru City Square,9,2.7777777777777777,,,0.2896833333333333,,0.31066666666666665,0.4404,
ALRAWSHA RESTAURANT,70,2.8714285714285714,0.5571,,0.15893714285714286,0.17020000000000002,0.01255,-0.0421,0.04046
ANC Burger,26,3.076923076923077,0.43095,,0.3313357142857143,0.4215,,-0.037435,0.0
AQUA Restaurant & Bar,30,3.933333333333333,0.34852,,0.40265909090909086,0.1953,,0.3809192307692308,0.417825
ASSAM HOUSE,55,3.581818181818182,0.39336666666666664,,0.32257456140350876,,0.0,0.105375,0.0
ATAS,12,2.4166666666666665,0.4215,,0.214175,,,-0.0187875,
ATAS at The RuMa Hotel & Residences,2,4.0,0.4404,,0.5984,,,-0.1372,
ATLANTIS RESTAURANT,86,2.895348837209302,0.4019,0.5719,0.23661290322580644,0.0,0.1380611111111111,0.080675,
AZ Restaurant Thai Seafood,7,1.8571428571428572,,,-0.31245,,,-0.085,0.0
Abanico,1,4.0,,,,,,,
Absolute Thai,45,2.311111111111111,0.20584999999999998,,0.13154076388888888,,0.22142,0.0005958333333333324,0.0
Acme Bar & Coffee at The Troika,124,2.4838709677419355,0.30671666666666664,,0.13413502252252252,-0.0650125,0.022728571428571428,-0.024571951219512195,0.003866666666666667
After Black,80,3.1125,0.37170000000000003,,0.30825797872340427,,0.215475,0.1759388888888889,0.03905625
Ah Chiang Seafood,5,2.4,,,0.6249,,,,
Ah Chui Seafood,67,3.1044776119402986,0.0,,0.2981073076923077,,0.0714875,-0.16218333333333332,0.0
Ah Hua Kuey Teow,38,2.210526315789474,,,0.1988388888888889,,0.0,-0.20013055555555556,0.0
Ah Hui Bak Kut Teh,18,2.3333333333333335,,,0.11688030303030303,0.1591,0.0,-0.01840000000000001,
Ah Koong Restaurant (Pudu),11,2.8181818181818183,,,0.1292375,0.215475,0.0,0.04005,0.0
Ah Poh Bah Kut Teh,1,3.0,,,,,,,
Ah Sang Bak Kut Teh,74,3.8783783783783785,,,0.16376447368421054,-0.0683,-0.100475,0.31666333333333335,0.0
Ah Soh Buntal Seafood,23,2.869565217391304,0.0,,0.1948142857142857,0.0,0.0,0.0,
Ah Tuan Ee's Place,17,2.5294117647058822,,,0.179375,,,,0.0
Ahh-Yum by Kampong Kravers,3,3.0,,,0.08297333333333334,,,-0.4767,0.0
Ahroy Thai Cuisine,3,3.3333333333333335,0.43095,,0.0,,,0.0,
Ahsoh Buntal Seafood,4,3.5,,,0.26335,,,,0.0
Air Itam Sister Curry Mee,121,2.809917355371901,,,0.1599047619047619,0.2772,0.08808,0.4939,0.0
Aji Noren 味暖簾,37,3.027027027027027,,,0.16651666666666667,,0.0,-0.10929761904761905,0.0
Aki Pancake,19,3.3157894736842106,,,0.0,,,,
Al Andalus Restaurant,5,2.6,0.4215,,0.04933333333333333,0.0,,,0.0
Al Dente,57,2.824561403508772,0.2914666666666667,,0.3080596153846154,,0.0,0.21073033333333333,0.20865
"Al Dubai Restaurant, Melaka",2,3.0,,,0.105375,,,,
Al Halabi Lounge,4,3.25,0.5994,,0.2869625,0.4967,,0.4215,
Al Rawsha Restaurant,5,3.2,,,0.056575,,0.0,,
Al Rawsha Restaurant Kuala Lumpur,13,3.230769230769231,0.36273333333333335,0.0,0.09543958333333333,,,0.1468,0.0
Al diafah Express,2,4.0,,,0.4341,,,,
Al-Amar,202,2.5544554455445545,0.20908333333333334,,0.17027648484848487,0.2202,-0.005485000000000001,0.008860784313725494,0.06291428571428571
Al-Amar Express,15,3.466666666666667,,,0.1466857142857143,,0.0,0.12596666666666667,
Al-Asna,4,2.25,,,0.156225,,,-0.385625,
Al-Halabi Gourmet Restaurant,25,2.72,0.512,,0.18685392156862746,0.4404,0.2263,-0.02003166666666667,
Aladdin Cafe,10,3.2,,,0.2582785714285714,,0.0,0.16463333333333333,-0.03423333333333333
Alexis,52,2.6346153846153846,-0.033966666666666666,,0.27094861111111107,0.14049999999999999,0.18874285714285716,0.06299027777777778,0.04003636363636364
Alexis Ampang,27,2.5555555555555554,0.26632500000000003,,0.1303,,,0.12708571428571427,-0.02054
Alexis Bistro,9,2.7777777777777777,0.0,,-0.041699999999999994,,,0.12576666666666667,0.0
Alfresco,30,2.3333333333333335,0.4404,,0.23895555555555553,0.2155,0.0,-0.251725,0.0
Alfresco Kuching,3,2.3333333333333335,,,0.0999,,0.0,0.03639999999999999,0.0
Alhamdulillah Restaurant,56,4.589285714285714,0.29295,,0.31352670454545456,,0.31845,0.4245888888888889,0.2817
"Ali, Muthu & Ah Hock",9,3.0,0.0,,0.12067857142857143,,,-0.23835,0.0
Aliyaa,211,3.4123222748815167,0.4264029411764706,,0.28242702508960577,-0.11373333333333334,0.09318888888888889,0.23168061224489794,0.0734
Aliyaa Island Restaurant & Bar,25,3.2,0.2608833333333333,,0.18121,0.3818,,0.4302,0.2202
"Allongs, Warong Ipoh Lontong",2,3.5,,,0.0,,,,
Altitude,5,3.4,0.6249,,0.35101375,,,0.4939,
Amarin Heavenly Thai,15,2.933333333333333,0.38166,,0.13716923076923077,,0.0,0.36169999999999997,0.0
Amaya Food Gallery,22,2.8181818181818183,0.21075,,0.18333229166666665,,0.0,,0.0
Amber Chinese Muslim Restaurant,10,2.3,0.0,,0.06284618055555556,,0.4404,-0.119175,0.04765833333333333
Amma Restaurant,189,2.232804232804233,0.21075,,0.16635166666666668,0.44040000000000007,0.09763076923076924,-0.23089384615384617,-0.0128375
Ammah Curry House,23,2.347826086956522,0.21075,,0.3665007142857143,,0.07543333333333334,-0.10369000000000002,
Amphawa Boat Noodle,2,3.5,,,,,,,
Amy Heritage Nyonya Cuisine,237,2.5780590717299576,0.0,0.2023,0.19662125051759835,0.2202,0.10653000000000001,-0.12396121794871795,0.011383333333333334
Anak Nyonya,8,2.75,,,0.08639999999999999,,0.4404,0.4404,0.0
Anak Nyonya Restaurant,6,2.5,,,-0.1156875,,,0.0,0.0
Anderson Curry House,30,2.4,0.6249,,0.10900555555555555,,0.0,0.10811000000000001,
Andrew's Kampung,180,3.7055555555555557,0.40045555555555556,,0.29444645918645923,-0.08268333333333333,0.1890125,0.43745833333333334,0.0
Anjappar Indian Chettinad Restaurant,26,2.730769230769231,,,0.17043382352941178,0.0,0.0,0.1404,0.0
Anjung Senibong,45,1.9777777777777779,,,0.10368511904761904,0.6249,0.0,-0.049600000000000005,0.042550000000000004
Anjung Senibong Seafood,24,2.75,0.42779999999999996,,0.08310625,0.019799999999999998,-0.028200000000000003,0.08070833333333334,0.2083
Anna's Kitchen,2,1.5,0.0,,,,,,
Annalakshmi,100,3.07,0.3047823529411765,,0.17506887878787877,,0.0282875,0.16416666666666668,0.0
Anne Elizabeth The Deli Restaurant,13,3.6923076923076925,0.4404,,0.11304583333333333,-0.11315,0.0,0.369025,
Annie Kolo Mee,3,4.666666666666667,,,0.0,,,,
Annie Kolo mee,4,2.75,,,0.0,0.6249,0.296,,
Antara Restaurant,12,2.5833333333333335,,,0.10229666666666666,0.21075,0.11315,0.50896,
Antarabangsa Enterprise,27,3.8518518518518516,,,,,,,
Ante,21,3.0952380952380953,0.2202,,0.23153055555555557,,0.0,0.3463,0.31845
Antipodean @ Atria,191,3.549738219895288,0.3989625,,0.28897931581828135,0.255,0.12010909090909093,0.31724366666666665,0.07224642857142857
Antipodean @ Mid Valley,108,2.861111111111111,0.5276799999999999,,0.24649102564102565,0.0,0.06743333333333333,0.19057020202020203,0.010485714285714287
Antipodean Atria,25,3.92,,,0.3305,0.0,0.0,0.4493151515151515,0.2202
Antipodean Bukit Bintang,13,4.769230769230769,,,0.5670857142857143,,,0.48019999999999996,0.0
Antipodean Cafe,185,3.843243243243243,0.3802541666666666,,0.3101165730337079,0.5253,0.0,0.36630225925925924,0.03079090909090909
Antipodean City Centre,3,4.666666666666667,,,0.020366666666666672,,,0.43095,
Antipodean Mid Valley,48,3.1458333333333335,0.44905,,0.192547816091954,,0.0,0.38865,0.20095
Antonio's Trattoria Calabria,5,3.8,,,0.2202,,0.0,0.409425,0.0
Apathaas Taste Indian Restaurant,69,2.7246376811594204,,0.0,0.0899826923076923,,0.0,-0.2937357142857143,
Apollo Seafood Centre,40,2.8,0.0,,0.22145701754385966,,0.0,0.32095,0.0
Appethaizing Thai,1,1.0,,,0.0,,,,0.0
Ara Vietnamese Noodles (non-halal),52,3.7884615384615383,,,0.18116547619047618,0.1591,0.0734,0.15571666666666667,0.0
Arabella Restaurant,6,3.1666666666666665,,,0.513,,,0.4404,
Arang BBQ & Grill,33,4.03030303030303,0.6249,,0.3777425,,-0.3612,0.40573888888888887,0.6053999999999999
Arang BBQ & Grill Langkawi,31,3.806451612903226,0.3783875,,0.3567029411764706,,0.0,0.2391458333333333,0.0
Arashi Shabu Shabu,16,3.625,0.43095,,0.25240555555555555,,0.1468,0.16515000000000002,0.0
Arashi Shabu-Shabu,1,4.0,,,0.0,,0.0,,
"Arashi Shabu-Shabu, City Square JB",8,2.625,,,-0.0411,,0.0,,0.0
Arcadia Desserts,1,4.0,,,,,,,
Areca Cafe,12,3.5,,,0.1725875,,,0.19216666666666668,
Aroma Cafe,13,3.0,,,0.16973888888888888,0.20095,0.4404,0.4939,-0.2263
Aroma Cafe Halal,22,2.8636363636363638,0.21075,,0.28955,0.1101,0.0,0.3086875,
Aroma Restaurant,5,2.4,,,-0.1027,,,0.16463333333333333,
Arte Malaysia,14,3.2142857142857144,0.40745,,0.2233125,,,0.30114,
"Arthur's Bar & Grill, Shangri-La Hotel, Kuala Lumpur",30,3.1666666666666665,0.6119,,0.11753214285714286,,0.0,-0.18417380952380955,
Arthur’s Bar & Grill,46,3.152173913043478,0.2003857142857143,0.0,0.18709736842105262,0.0,0.28102,0.19005520833333334,0.08808
Artisans Pizza,49,3.938775510204082,,,0.3042706321839081,,0.0,0.4044866666666667,
Arts Cafe,68,2.926470588235294,0.41479499999999997,0.20095,0.1765467105263158,0.4404,0.0,0.26589999999999997,0.1101
Arts Cafe Langkawi,70,3.585714285714286,0.36235,,0.2003625,0.0,0.06967727272727273,0.3565315789473684,0.07024999999999999
Aryan Restaurant,1,5.0,,,0.0,,0.0,0.4939,
Asam Pedas Claypot 2 Restoran Kota Laksamana,149,2.4496644295302015,0.24695,0.296,0.04629811165845649,-0.0903,0.02368771929824561,-0.1402328431372549,0.02202
Asam Pedas Kota Laksamana,59,2.610169491525424,,,0.13538086419753087,0.0,0.1101,-0.051199999999999996,0.0
Asam Pedas Lagenda,5,3.2,,,0.1852111111111111,,0.0,0.2873,
Ashley's by Living Food,47,2.4468085106382977,0.4215,,0.18377733333333332,,-0.11326666666666668,0.014583333333333335,0.0
Ashoka Curry House,152,3.0460526315789473,0.0,0.4404,0.243925,0.0,-0.0018399999999999972,-0.06199285714285714,0.0
Asian Rice Pot,76,3.1315789473684212,0.22223333333333337,,0.1258014211886305,,0.1101,0.32053333333333334,
Asian Taste,2,2.0,,,,,0.0,0.0,
Asian Taste Restaurant Miri,1,4.0,,,,,,,
Asitah KNS,4,2.5,,,0.2045875,,0.0,0.0,
Asow Eatery Station,52,2.6923076923076925,0.21224285714285715,,0.16664833333333334,,0.09878,0.10093333333333333,0.0
Astana Restaurant,5,3.0,,,0.05505,,,-0.44205,
Atas Speakeasy,18,3.6666666666666665,0.28099999999999997,,0.5106,0.4404,0.15086666666666668,0.2968,0.2936
Atlas Gourmet Market,7,2.857142857142857,0.6249,,-0.043925,,0.0,0.0741,0.5719
Atmosphere 360 Revolving Restaurant,339,2.4985250737463125,0.18542222222222224,,0.07873639063317635,0.1110857142857143,0.08379183673469388,0.041547468354430385,0.06967857142857142
Atok Kopitiam,40,2.8,0.4019,,0.23887999999999998,,0.0,0.12046666666666667,
Aud's Cafe,49,3.7551020408163267,0.48889999999999995,,0.29778916666666666,0.2202,-0.3612,0.24473958333333334,0.0
August Cafe,16,3.0,-0.27115,,0.31946875,,,0.6249,
Aun Kheng Lim Salted Chicken,56,3.5,,,0.1315235294117647,0.08808,0.0,0.32366,0.0
Auntie Gaik Lean's Old School Eatery,69,3.3768115942028984,-0.16463333333333335,,0.22234157509157507,,0.0,0.01335625,0.0
Auntie Hong's Cooking,1,3.0,,,0.0,,,,
Aunty Christina's Sarawak Laksa,5,3.4,,,0.0,-0.4404,,0.4215,0.0
Awagyu restaurant,21,2.6666666666666665,,,0.13408333333333333,,0.0,0.48065,0.0
Awesome Canteen,119,3.100840336134454,0.43279230769230764,,0.2110932142857143,0.0,0.0,0.15594039215686276,0.0
Awesome Canteen at Sekeping Victoria,27,3.037037037037037,0.1591,,0.09319722222222222,-0.11315,,0.05435000000000001,-0.3182
Axis Lounge at DoubleTree by Hilton Johor Bahru,3,3.3333333333333335,,,0.5719,,,0.37654999999999994,0.0
Ayam Garam Aun Kheng Lim (Main Branch),132,2.9545454545454546,,,0.07263622448979593,,-0.014557142857142855,-0.1319125,0.0
Azabu Bar Bistro,6,2.0,0.21075,,0.08839999999999998,,,0.1284,
B @ Green House,30,2.8333333333333335,,,0.28206785714285715,0.0,-0.1806,-0.025474999999999998,0.0
B @ Greenhouse,6,2.1666666666666665,,,0.0734,,,0.0,
B-Lab,4,2.0,0.6249,,0.47155,,,0.4404,
B2W : Brunch2Wine,2,2.0,,,,,,,
BAAN 26,32,2.9375,0.0,,0.1407642857142857,0.5326500000000001,0.0,0.11770555555555556,0.0
BACCHUSj,1,2.0,,,,,,,
BAIT,11,3.3636363636363638,0.14401999999999998,,0.2096083333333333,0.0,0.0,0.27648055555555556,0.0
BARA BARA Seafood Restaurant,2,1.5,,,0.0,,,,
BB Hailam Chicken Rice,9,3.3333333333333335,0.1468,,0.22867500000000004,0.0,,0.27115,
BBQ KING Seafood (Jalan Song),20,3.65,,,0.3421888888888889,,0.0781125,0.5326500000000001,
BBQ King Seafood,3,3.3333333333333335,,,0.2083,,,0.4404,
BBQ NIGHTS,297,3.346801346801347,0.3607142857142857,,0.2874114384236453,0.2880038461538461,0.14931052631578948,0.2606518779342723,0.020572727272727274
BBQ Thai (OKR) Sdn Bhd,136,2.4558823529411766,0.2719653846153846,,0.14334689497716893,0.24126000000000003,0.05884,-0.2298931818181818,-0.062317500000000005
BEE BEE Pineapple Tart  House,10,2.9,,,0.0,,,,
BERT'S,6,3.3333333333333335,,,0.0,,0.0,,
"BMS Organics Vegetarian Cafe, Kota Kemuning",2,4.0,,,0.366975,,,0.4215,
Baa Baa Black Sheep,41,3.317073170731707,0.43095,,0.3015025641025641,,0.08808,0.4080625,
Baba Freds Nyonya Resturant,8,2.5,,,0.06756999999999999,,,0.0,0.0
Babah & Co,5,2.6,0.5106,,0.0,,,0.5328999999999999,
BacchusJ,4,3.25,,,0.37643333333333334,,,,0.0
Backofen,4,2.5,,,0.2202,,,,0.0
Backyard,6,2.5,0.270525,,0.36819999999999997,,0.0,,
Bacon & Balls,11,3.5454545454545454,,,0.22036666666666668,,0.4404,0.19063333333333332,0.0
Bacon And Balls Courtyard,73,2.9315068493150687,0.4457,,0.25347598039215685,0.0,0.0,0.26719499999999996,-0.0642875
Bahce Turkish Cafe,3,3.6666666666666665,,,0.17126666666666668,,0.0,,
Bake By Piosa,1,1.0,,,,,,,0.0
Bake by Piosa,5,2.6,,,,,,,
Bakti Woodlands,19,3.0526315789473686,,,0.16469305555555555,,0.0,0.10203333333333335,-0.05135
Bala's Banana Leaf,18,2.3333333333333335,,,0.086675,0.1562,0.03771666666666667,0.18743125,-0.03178
Bali Hai Seafood Market,121,2.330578512396694,0.20061999999999997,-0.5423,0.1190576530612245,0.5106,0.002766666666666671,0.016378472222222218,0.12738
Balkanico,19,3.8421052631578947,,,0.33712222222222227,0.4215,0.42779999999999996,,0.0
Balkanico Handmade Pizza 全手工意大利披萨,12,3.6666666666666665,,,0.3086,,0.44504999999999995,,
Bamboo Beach Restaurant,1,2.0,,,,,,,
Bamboo Biryani 'taste & see',8,2.5,,0.0,0.34785,,0.0,-0.5095000000000001,0.0
Ban Lee Restaurant,2,2.0,,,0.0,,,,
Ban Lee Siang,65,2.876923076923077,,0.0,0.13188555555555556,-0.2263,0.07118571428571428,0.027516666666666665,0.0
BananaBro,10,3.8,,,0.1521857142857143,,0.0,0.4758,0.0
Bankara Ramen Malaysia,19,3.0526315789473686,,,0.13313636363636364,,0.2202,0.22794999999999999,0.0
Baqara Fine Meat,1,5.0,,,,,,,
Bar B Q Tonight Malaysia,18,3.111111111111111,,,0.19077361111111113,0.0,,0.22596666666666665,0.0
Bara Bara Restaurant,1,3.0,,,,,,,
Barakat Hahdramawt,1,5.0,,,0.0,,,,
Barat Restaurant,12,4.25,0.325575,,0.30545833333333333,0.0,,0.0,0.0
Barbeque Nation,3,4.0,,,0.28595,,,0.5594,
Barflàm KL,1,3.0,,,,,,,
Basaga,34,2.6470588235294117,0.4009388888888889,,0.14638333333333334,0.0,-0.03287499999999999,0.26775238095238096,0.1101
Basil Thai,15,3.1333333333333333,0.2023,,0.05173952380952381,0.4404,0.0,0.028810000000000002,0.0
Basilico,3,4.333333333333333,,,0.1468,,,0.4939,
Basilico Restaurant,42,3.0476190476190474,0.40517000000000003,,0.16489173913043478,,0.06364,0.10619375,0.0
Baskin Robbins,3,3.3333333333333335,,,,,0.0,0.6249,
Batavia Kitchen City Square,7,3.2857142857142856,,,0.0,,,0.1468,
Bay Leaf Langkawi,4,2.5,,,0.6249,0.2936,,,
Bay Street 66,27,2.7037037037037037,,,0.04813194444444444,,0.1468,0.027533333333333337,0.0
Beach Corner Seafood,83,2.216867469879518,0.4404,,0.08024175084175082,0.0,-0.032836363636363636,-0.279625,0.0
Beach Cove,26,1.7692307692307692,,,0.001927857142857137,0.4404,0.0,-0.08141111111111111,0.0
Beach Republic miri,4,2.75,,,-0.4404,0.4404,,,
Beach Sea Food Restaurant,8,2.75,,,0.0,,0.20643333333333333,0.105375,0.0
Bean Sprout Café,41,3.341463414634146,0.25521000000000005,,0.30550625,0.21075,-0.09545,0.38932,0.18061666666666665
Bear Garden,21,3.1904761904761907,0.0,,0.105375,0.1591,0.5574,0.015866666666666657,0.5994
Beast,28,2.4285714285714284,0.0,,0.23470714285714286,,,-0.030454545454545453,0.0
Bedouin Arabian Cuisine,49,3.816326530612245,0.26776666666666665,,0.17826609477124183,0.17113333333333333,0.0,0.40093181818181817,0.0
Beef Restaurant,1,3.0,,,0.0,,,,
Behind 50,10,2.3,,,0.0,,0.116725,-0.18076666666666666,
Bei Zhan Restaurant,56,3.107142857142857,0.3033125,,0.1770858585858586,0.1591,0.11863333333333334,0.2363818181818182,0.08808
Beijing Chicken Rice,1,1.0,,,-0.3612,,,,
Belanga Satu Bistro,4,2.25,,,0.5019,,,,
Bella Italia,67,3.582089552238806,0.38495,,0.262639837398374,,0.1101,0.27967916666666665,0.1468
Ben's,164,2.3048780487804876,0.38456666666666667,-0.27115,0.12670262172284644,0.30474999999999997,0.15815714285714286,-0.0490546568627451,0.006476785714285717
Benten,2,4.0,,,,,,,
Bentley's Pub,8,3.375,,,0.42535000000000006,,0.0,0.5594,0.5719
Berjaya Cafe,27,3.3703703703703702,,,0.21979615384615386,,0.0,0.280575,0.2083
Bernie's Bar/Pub,4,5.0,0.5859,,,,,0.5911500000000001,0.6249
Bernie's Pub,4,5.0,0.5326500000000001,,,,,0.5719,0.0
Bert's Garden Seafood,126,2.492063492063492,0.3639833333333333,,0.16298963414634146,0.5859,0.0,-0.006392407407407408,0.06943333333333333
Bert's Keller,1,4.0,,,,,,,
Beta KL,55,3.5454545454545454,0.30237142857142857,,0.22524066666666667,0.0,0.2992,0.3422735294117647,0.146475
Betty's Cafe,1,2.0,,,0.01755000000000001,,,,
Betty's Midwest Kitchen,28,2.4642857142857144,0.0,,0.06379941666666666,,0.3182,0.07471428571428572,0.0
Bharat Curry House,6,2.1666666666666665,,,0.13894583333333332,,,-0.3875,0.0
Bibik's Kitchen @ JO Hotel Johor Bahru,5,2.2,,,0.09531666666666666,,,,-0.2263
Bica & Co Courtyard Cafe,41,3.4390243902439024,0.3110346153846154,,0.20211625,0.0,-0.148,0.350225,
Bierhaus Johor Jaya,1,2.0,,,,,,,
Big Ben's Restaurant Cafe & Cottage Industry,2,3.0,,,0.31845,,,0.2202,
Big Food F&B - Taman Nong Chik,119,3.0252100840336134,0.38275714285714285,,0.12665797101449275,,0.0,0.08953888888888889,0.0
"Big Mouth Bak Kut Teh, Fish Head",3,3.6666666666666665,,,0.5719,,,,
Bigfood,8,2.5,,-0.296,0.16074833333333335,,,-0.08865,
Bijan,90,2.9555555555555557,0.40096499999999996,,0.10401344605475041,0.0,0.12582857142857143,0.1599769298245614,0.0
Birch,42,2.7142857142857144,0.38874444444444445,0.4404,0.28341791666666666,0.0,0.07543333333333334,-0.035379487179487176,0.0
Birdland & Fat Cow,1,3.0,,,0.0,,0.0,0.0,
Biryani Art,5,3.6,0.5106,,0.28945,,0.4404,0.4967,
"Biryani Art, Malaysia",16,2.5,0.0,,0.19233492063492066,,0.0,0.2202,
Bistro Qaseh,3,2.3333333333333335,,,0.148,,,,
Bistro Tang,20,4.2,0.3849857142857143,,0.3242535714285714,,0.0,0.4215,0.0
Bistro a Table,13,2.6153846153846154,0.29045,,0.1379460113960114,,0.0,0.422675,0.1858
Bistro à Table,32,2.71875,0.32727,,0.18049351851851853,0.0,0.10606666666666666,0.32142,-0.31245
Bite N Eat Dindigul Biriyani,114,2.6578947368421053,0.12792499999999998,,0.08507186965811965,,0.10991153846153846,0.152086,0.0
Bla Bla Bla,186,3.2096774193548385,0.38541416666666667,,0.20617957186544345,0.1101,0.25785833333333336,0.23938776041666668,0.0
Black Canyon Coffee Jusco,5,3.0,,,0.0,,,0.0,0.0
Black Canyon Coffee Jusco Tebrau City,2,2.5,,,0.0,,,,
BlackBall Original Taiwanese Tea & Dessert,20,2.05,,,0.5984,-0.3612,0.0,0.05505,
Blendsmiths,27,2.888888888888889,0.2873,,0.26997,,0.0,0.2467,0.0
Bloom by Mokmok,50,3.38,0.350624358974359,,0.25795507936507933,,,0.23124166666666665,
Blue,2,4.0,,,0.5859,0.0,,0.0,
Blue Boy Vegetarian Food Centre,13,2.8461538461538463,0.0,,0.05998749999999999,,0.1806,0.13935,0.0
Blue Reef Fish & Chips,76,3.0789473684210527,0.37170000000000003,,0.2860068965517241,0.0,0.09866666666666667,0.12117555555555555,0.31245
Blue Vegan Restaurant,19,3.473684210526316,0.4215,,0.13173333333333334,,,0.46715,0.0
Boardwalk,9,3.0,0.5719,,-0.27115,0.4215,,0.38235714285714284,0.0
Boatman Restaurant,54,3.7222222222222223,-0.025474999999999998,,0.227655,,0.43152857142857143,0.36813555555555555,0.13935
Bobi's restaurant,30,3.2666666666666666,0.3633166666666667,,0.23710333333333336,-0.2732,0.2202,0.20805714285714286,0.0
Bobo KL,12,4.333333333333333,0.31245,,0.4204133333333333,0.4215,,-0.050159999999999996,0.39893333333333336
Bombay Masala,2,2.5,0.4215,,0.0,,-0.4588,0.4404,
Bombay Palace,260,2.773076923076923,0.3868128571428572,0.3182,0.14089813095238093,0.20089375,0.05266176470588235,0.09127272727272728,0.020040000000000002
Bomnal Korean Cafe,1,5.0,,,0.5719,,,0.2202,
Bone & Pot,2,4.5,,,0.5574,,,0.5326500000000001,
Bonjour Cafe & Restaurant,3,3.0,0.0,,0.0,,,0.4404,0.0
Bonne Gilla,3,3.6666666666666665,,,0.0,,,0.07694999999999999,
Bonzer Restaurant,7,3.4285714285714284,,,0.13144666666666666,,0.0,-0.0242,0.0
Bonzer Restaurant_Kingwood Hotel,21,3.4285714285714284,0.4019,,0.3046893939393939,,0.0,0.3302,0.0
Boon Leong Food Corner,2,3.0,,,0.43095,,,,
Boon Signature Roast Pork,106,2.7264150943396226,-0.1468,0.4404,0.10862340136054421,-0.1027,0.039028571428571426,-0.3120904761904762,0.0
Boran (Seapark) - Classic Thai Street Food,88,2.5568181818181817,,,0.1264641463414634,,0.07197777777777777,0.03357777777777778,0.0
Boran Classic Thai Street Food,3,2.3333333333333335,,,0.2202,,,,
Borneo Delight,47,2.7872340425531914,,,0.06335466666666667,0.0,0.0,0.2154,0.0
Boss Curry House,8,3.0,,,0.18469285714285716,0.0,0.296,,0.3182
Botanica + Co at Bangsar South,106,2.8773584905660377,0.3926290322580645,,0.17849525827280066,0.18621666666666667,-0.1589,0.0864212,0.042460000000000005
Botanica+Co Restaurant & Bar,54,2.259259259259259,0.43477499999999997,0.0,0.08985511904761904,0.1591,0.30354000000000003,-0.08204573412698413,0.0
Bottle & Glass Cafe & Bar,7,3.5714285714285716,,,0.4404,,,0.0,
Bottle & Glass: The Seafood Bar,1,1.0,0.4215,,,,,,
Brasserie 25,47,3.4468085106382977,0.38980555555555557,,0.11080833333333333,0.0,0.26632500000000003,0.24353409090909092,0.13099999999999998
Brasserie Fritz,5,3.0,0.5911500000000001,,0.3785,,,0.4404,0.0
Brazzo By The Bay,2,3.5,,,,,,0.2553,
Brazzo By The Bay Restaurant,1,3.0,0.0,,,,,,
BreadFruits,16,2.625,,,0.1938625,,0.4404,-0.07646666666666667,0.14049999999999999
Breakfast Thieves,28,2.7857142857142856,0.4323166666666667,,0.2337602614379085,0.4215,-0.27115,0.33118,0.0
Breakfast at 7,1,3.0,,,0.2155,,,,
Breeks Cafe,11,2.5454545454545454,,,0.17245555555555556,,0.0,0.16194999999999998,
Bref by Darren Chin,3,3.6666666666666665,,0.1779,0.391325,-0.3182,,0.0,
Breizh Up - CLOSED,37,3.918918918918919,0.0,,0.291415625,0.0,-0.18076666666666666,0.3084761904761905,0.0
Breizh Up Langkawi,17,3.235294117647059,,,0.33108333333333334,,,0.2687,
Bricks & Barrels,19,2.3157894736842106,0.24656666666666668,,0.17126666666666668,-0.4939,,0.24695,0.0
Bricks & Barrels Ipoh,89,3.033707865168539,0.2247375,0.0,0.3619136363636363,0.0,0.0,0.014100000000000001,
Bridge Street Prawn Noodle 正宗橋頭福建蝦麵,70,3.3,,0.4404,0.2540395833333333,0.0,0.1468,0.46715,0.0
Brotzeit German Bier Bar & Restaurant Sunway Pyramid,46,3.1956521739130435,0.04813333333333334,,0.192165625,0.0,0.23455499999999999,0.35649375,0.0
Brunch2Wine,5,2.4,0.0,,-0.064,,,0.01695000000000002,
Brussels Beer Cafe,24,2.5833333333333335,,,0.19276923076923078,,,0.13709,0.2202
"Brussels Beer Cafe, Gurney Paragon",44,2.8636363636363638,0.0,,0.33766,,0.0,0.12232000000000001,0.6249
Bubble Bee Cafe,9,3.6666666666666665,0.5232,,-0.5423,,,0.21075,
Bukit Mata Seafood Restaurant,5,3.4,0.0,,0.33335000000000004,0.0,,0.4404,
Bukit Mata Seafood Restaurant Sdn Bhd,94,3.1914893617021276,,,0.20331521739130434,-0.5423,0.2342857142857143,-0.14038571428571428,0.0
Bulldog,32,3.8125,0.30215,,0.18272391304347826,,0.186525,0.28945,0.0
Bulldog Malacca,37,3.4864864864864864,0.30228,,0.22571190476190478,,0.2155,0.38374,0.0
Buns & Noodles,34,3.176470588235294,0.43095,,0.2532035714285714,,-0.111,0.211125,0.0
Buns Burger Bar,5,2.8,0.3612,,0.1101,0.4404,0.0,0.039599999999999996,0.4404
Burger King KLIA2,4,3.25,,,0.4404,,,,
Burps & Giggles,121,3.1818181818181817,0.28350517241379314,,0.16145825757575757,0.2083,-0.022740000000000003,0.28757916666666666,0.0
Busaba,9,2.4444444444444446,0.4215,,0.1736856084656085,0.0,0.0,0.13445,0.0
Busaba Thai - Sunway Hotel Resort & Spa,28,2.642857142857143,0.48710000000000003,,0.15533166666666667,,0.0,-0.14874166666666666,0.0
Busdriver.Cafe,1,5.0,,,,,,,
Busdriver.cafe,3,5.0,0.4404,,0.4967,,,0.4939,
Butcher Carey,4,3.25,0.0,,-0.013512499999999997,,0.0,0.0,
Butterscotch & Co,1,4.0,,,,,,0.0,
Byblos Cafe & Lounge,7,2.142857142857143,,,0.3234458333333333,0.2997,,-0.023199999999999995,
C.A.T.S Cafe (JB) - Cats At Their Sanctuary,54,3.259259259259259,0.5719,,0.28976875,0.20095,0.063825,0.34363750000000004,0.31245
CATS Cafe JB - Cats At Their Sanctuary,8,3.625,,0.0,0.1591,,0.0,0.2202,-0.148
"CEDAR on 15, Impiana KLCC Hotel",34,3.323529411764706,0.266,,0.21113984126984128,0.32456666666666667,0.2083,0.27335000000000004,0.09608333333333334
CHAKORI 二奶冰室,29,3.1379310344827585,0.5097222222222222,,0.2637285714285714,,,-0.12040000000000001,
CHOPSTICK GARDEN Icom Square Pending,31,3.161290322580645,,,0.07024999999999999,0.5106,,0.43095,
CRC Restaurant,84,2.869047619047619,0.0,,0.22565769230769234,0.29295,0.06291428571428571,-0.004550000000000004,0.0
CREAM by ChinChin,11,3.727272727272727,,,0.14049999999999999,,0.0,0.272875,0.0
Cafe 1965,1,5.0,,,,,,,
Cafe BLD at Renaissance Johor Bahru Hotel,113,3.0707964601769913,0.3692857142857143,,0.10604183441558442,,-0.08325,0.22164999999999999,0.0
Cafe Bonobo Coffee Shop & Waffles,3,1.6666666666666667,,,0.4404,,,-0.5423,
Cafe Cafe,38,3.289473684210526,0.31255,,0.20099499999999998,-0.138625,0.053028571428571425,0.17967,0.0
Cafe Capitol,4,2.75,0.0,,0.0,,0.0,,
Cafe ETC,56,3.732142857142857,0.3041125,,0.27242391304347824,0.1953,0.08231666666666666,0.2774402597402597,0.0
Cafe Food Chemistry Malaysia,1,1.0,,,,,,,
Cafe Old Market Square,6,3.5,0.0,,0.0,,,,
Cafe Racer by Grillbar,4,3.5,0.0,,0.084625,,,0.4939,
Cafe Rosita Coffee House,23,3.217391304347826,,,0.19445454545454546,,0.12765,0.302,0.0
Cafe Tryst,9,3.111111111111111,0.4215,,0.5326500000000001,0.46715,,0.4939,
Cafe de Paris,19,3.473684210526316,0.1686,,0.33355999999999997,,0.0,0.3881428571428572,0.0
Cafe de Poulet,1,3.0,,,0.21075,,,,
Cafe de poulet,4,2.75,,,0.11564880952380953,,0.0,0.43859999999999993,
Cafe etc.,7,3.5714285714285716,0.54825,,0.27586,,0.0,0.6053999999999999,
Café Para Para,10,3.0,,,0.28595,,,0.24695,
Café Racer by Grillbar,57,3.3859649122807016,0.4827666666666666,,0.2789432098765432,0.6249,0.0,0.38922,0.0
Cameleon Vegetarian Restoran,6,3.5,,,0.0,,0.0,,-0.27115
Canai 15 Cafe - Taste of India,3,2.3333333333333335,,,0.15719,,,-0.23835,0.21230000000000002
Canard Eat & Roll,9,3.888888888888889,,,0.308125,,,,
Canning Dim Sum,158,3.632911392405063,0.41795,,0.25602267441860466,-0.11315,0.07830535714285715,0.20072446236559138,0.0
Canopy Lounge Rooftop Bar KL,204,3.3823529411764706,0.3626592592592593,,0.26477999999999996,0.1561857142857143,-0.09534000000000001,0.12777619047619046,0.16312083333333335
Canopy Rooftop Bar and Lounge,173,4.369942196531792,0.4170416666666667,,0.40293,0.3668,-0.050949999999999995,0.4338916666666667,0.13316250000000002
Canton-i,23,2.5652173913043477,,,0.16534912280701755,,0.0,0.07880000000000001,0.0
Canton-i Restaurant @ Johor Bahru City Square,43,3.0930232558139537,0.325575,,0.17537616666666667,,-0.23835,0.33696785714285715,0.0
Canvass Bistro & Bar,2,5.0,0.5719,,,,,0.6249,
Capital Cafe,5,4.0,,,0.1977777777777778,,0.0,,
Carabao Thai Restaurant,4,2.5,,,-0.025425000000000003,,,0.4404,
Caribbi Seafood Village,18,3.6666666666666665,0.21075,,-0.0552,0.5106,0.0,0.27323333333333333,
Carnaval Churrascaria,64,3.40625,0.235775,,0.24837045454545456,,0.25095,0.42343000000000003,0.0
Carvery,18,4.111111111111111,0.5571,,0.3285742424242424,,,0.56565,
Casa Cucina,5,2.6,,,0.12233333333333334,,,0.24695,0.0734
Cat's Pyjamas Burger Bar,2,4.0,,,0.44015,,,,
Causeway Bay HK Cafe,1,3.0,,,,,,,
Cawan Mas Cafe,6,2.5,,,0.0282875,,,0.32389999999999997,0.0
Cba,101,3.5643564356435644,0.23238124999999998,0.0,0.2169751282051282,0.47709166666666664,0.13714285714285715,0.3437543650793651,0.360875
Cba Restaurant,34,3.2941176470588234,0.36302,,0.11212222222222223,,,0.3051333333333333,0.0
Cedar On 15,12,3.1666666666666665,0.38095000000000007,,0.17348,,0.0,0.1485,0.0
Cedar Point Food Centre,7,2.7142857142857144,,,0.1627875,-0.2263,,,
Celestial Court,31,2.903225806451613,,,0.04162843137254902,,0.0,-0.0015066666666666672,-0.060200000000000004
Cendol Klang,10,2.1,,,0.14985,,,,0.0
Central Market,5,3.2,,,0.0,,0.0,,
Century Claypot Chicken Rice,2,4.0,,,0.4404,0.5267,,0.4939,
Ceylonese Restaurant,38,3.4210526315789473,-0.23835,,0.16811952380952383,,0.08408571428571429,0.28623333333333334,0.0
Ceylonese Restaurant Sdn Bhd,134,3.2761194029850746,0.4404,,0.21212727272727275,-0.1027,0.36083333333333334,0.3872966666666667,0.0
Cha Bo,6,3.0,0.5859,,0.19868,,0.0,0.4939,
Cha bo,20,3.35,,,0.3676185185185185,,,0.1524125,
Chak'z Grill,7,1.5714285714285714,,,0.0,,,,0.0
Chakori,3,3.0,,,-0.5423,,,,0.4404
Chakra,26,2.8461538461538463,0.0,,0.1471648148148148,0.14985,0.0,0.2182,0.0
Chakra Restaurant,88,2.7954545454545454,0.215475,,0.2009236842105263,-0.3612,0.014183333333333333,0.13667564102564103,0.0
"Chakri Palace, KLCC",113,2.256637168141593,0.09866666666666667,-0.4588,0.08602498866213151,,0.015346875000000003,0.031036525974025966,0.048933333333333336
Chalet Suisse Restaurant,5,4.8,0.0,,0.19063333333333332,,,,
Chambers Grill,97,4.412371134020619,0.366285,,0.33783091666666665,0.0,0.19063333333333332,0.4314679347826087,0.0
Chamber’s Grill,13,2.8461538461538463,0.3859416666666666,,0.1591,,,0.4920333333333333,0.0
Chamek Kopitiam BBU,34,3.176470588235294,,,0.364475,,,0.0,
Chamek Kopitiam Perling Mall,1,3.0,,,,,,0.24695,
Chamek Kopitiam taman Daya,1,5.0,,,0.0,,,0.4939,
Charcoal Grill Restaurant,14,3.2142857142857144,,,0.1819111111111111,,0.0,0.38384166666666664,0.0
Chat Masala,23,2.5652173913043477,-0.1779,-0.296,0.03357500000000001,-0.1806,0.5719,0.018737499999999997,0.0
Chateau Dionne,6,3.5,0.2023,,0.2797,,,0.0,
Chatime Pavilion,1,1.0,,,,,,,
Chatto Tea & Coffee Georgetown,28,3.607142857142857,0.4215,,0.06805142857142857,,-0.1366,0.3051333333333333,
Cheang Kee,29,4.586206896551724,0.51851875,,0.40939047619047625,,0.016858333333333333,0.43283333333333335,0.050575
Cheang Kee Restaurant,70,4.014285714285714,0.39398333333333335,,0.3537962365591398,,-0.03219999999999999,0.38188333333333335,
Chef Ammar,1,3.0,0.4215,,,,,,
Chef Anthony's Restaurant,1,1.0,,,,,,,
Chef At Home,44,3.3181818181818183,0.0,,0.26348208333333334,0.0,0.04215,0.26241875,
Chef Fatt Restaurant,39,3.0,0.2294,,0.20783333333333334,,-0.03232857142857143,0.35384166666666667,0.0
Chef at Home,7,2.4285714285714284,,,0.12079999999999999,,0.0,0.10416666666666667,
Cheotnun Korean Dessert Cafe,2,3.5,,,0.0,0.2263,,,
Chez Gaston,9,3.3333333333333335,,,0.17655333333333334,0.0,,0.0,
Chez Gaston by rendez-vous,30,3.433333333333333,0.52794,,0.14143115942028986,0.0,0.31143333333333334,0.371,0.0
Chez Papa French Bistro and Wine Bar,111,3.5315315315315314,0.39184375,,0.22157972222222222,,-0.029583333333333333,0.27374208333333333,0.042995000000000005
Chicken Cuisine Noodle House,1,3.0,,,0.0,,,,
Chicken Delight & The Coffee,1,3.0,,,,,,,
Chickilicious Miri,24,3.5,,,0.053266666666666664,,0.0,0.47550000000000003,
Chicking,30,2.566666666666667,,,0.03320357142857143,,,-0.29914,
Chicking Eating House,17,3.823529411764706,,,0.3332571428571428,,0.10606666666666666,0.31143333333333334,
Chicking Eating House - Petanak Outlet,1,3.0,,,,0.0,,,
Chili's,67,2.716417910447761,0.19761428571428571,,0.1508622857142857,,0.2202,-0.0019849206349206398,-0.01027
Chili's 1 Utama,97,2.6288659793814433,0.5232,,0.23778333333333332,,0.0,0.12963523809523808,0.0
Chill Out Sky Bar,1,1.0,,,,,0.3182,,0.0
Chillax Cafe & Bistro,59,3.1186440677966103,0.4818,,0.22237941176470588,,0.0,0.08219000000000001,0.0
Chilli Mee at Prestige Hotel,4,1.75,,,0.1796888888888889,,0.0,0.4404,
Chilli's,38,2.3157894736842106,0.5941500000000001,,-0.04271439393939394,,0.0,0.05977121212121211,0.12738
Chimmy Chummy,21,3.380952380952381,0.0,,0.2449742424242424,,0.0,0.21414999999999998,-0.5423
Chin Chin Gastropub Penang,26,2.8461538461538463,,,0.2576759259259259,,0.09094,-0.4588,0.0
Chinoz On The Park,122,2.360655737704918,0.3434,0.0,0.1264466784244562,0.34876944444444447,0.12854000000000002,0.011718300653594773,0.024794117647058824
Chin’s Stylish Chinese Cuisine,22,2.5,0.0,,0.232128125,,0.0,0.1468,-0.1027
Chir Chir Fusion Chicken Factory,5,1.6,,,0.10606666666666666,,,-0.4588,0.0
Chocha Foodstore,28,2.75,0.5037,,0.32973529411764707,,0.0,0.18614,0.0
Choco Choco,3,5.0,,,,,,0.5267,
Choice Ria,7,3.5714285714285716,,,,,0.0,,
ChokDee Thai Restaurant,25,2.68,0.4215,,0.10668214285714285,,0.1101,-0.40447500000000003,
Choon Hui Cafe,94,3.3085106382978724,0.0,,0.19107708333333331,0.10115,,-0.23102499999999998,0.10615000000000001
Chop Tiang Bee Cafe,25,3.0,0.6053999999999999,,0.209,0.0,0.0,,0.0
Chop Tiang Bee Cafe and Restaurant,2,4.0,,,0.142975,,,,
Chopstick Garden,1,1.0,,,,,,-0.4588,
Chow Kiat Bak Kut Teh,4,2.0,,,-0.39032500000000003,,,-0.4767,
Christina Ee Pineapple Tarts & Cendol,1,5.0,,,,,,0.2263,
Chuan Kee Restaurant,2,1.0,,,0.0,,,,0.0
Chuup,59,3.135593220338983,0.4939,0.4019,0.2692275862068966,,0.0,0.11886428571428573,-0.09106666666666667
Chynna,194,3.479381443298969,0.3340421052631579,,0.2605633501683502,0.3551,0.015315384615384618,0.21771223404255322,0.02936
Ciao,24,2.9166666666666665,0.29833750000000003,,0.0831147023809524,0.0,0.5719,0.23309696969696966,0.12498000000000001
Cibo at Pertam Jaya,1,4.0,0.4215,,0.5326500000000001,,,,
Cielo KL,101,2.722772277227723,0.4306090909090909,,0.17273423423423423,0.1833428571428571,0.0,0.07423538587848932,0.2083
Cielo Sky Dining & Lounge,60,4.366666666666666,0.45165,,0.4226457471264368,,0.11315,0.36623138888888884,0.1521857142857143
Cilantro Restaurant & Wine Bar,26,3.1538461538461537,0.2661222222222222,,0.322254,0.1101,0.0,0.27847999999999995,
Cili Kampung,78,2.448717948717949,0.3116333333333333,,0.2493582051282051,0.0,-0.0393,0.00426666666666667,0.0
Cili Kampung Tengah Beach,4,3.0,0.4215,,0.2263,,,-0.3612,
Cinnamon's  Fusion Cuisine,2,3.0,0.4404,,,,,,
Citi Thai Food,55,2.109090909090909,,,0.16871468253968253,,0.0,0.01697499999999999,0.0
Citrus Wine & Dine,36,3.1666666666666665,,,0.3315814393939394,,-0.296,0.24427878787878787,0.0734
City Famous Seafood Restaurant,5,1.6,,,0.1101,,0.0,,
City Square Hong Kong Kim Gary Restaurant,15,2.7333333333333334,-0.1779,,0.2796777777777778,,0.0,0.235775,0.0
City Thai Restaurant,2,3.0,,,0.054075,,,0.0,
City Thai Restaurant Sdn Bhd,2,2.0,0.4215,,0.0,,,0.4404,
Classic Nyonya Restaurant,8,3.125,,,0.04404,,0.0,,
Classic Nyonya Sdn Bhd,1,3.0,,,0.21075,,,,0.0
Claypot Restaurant,23,4.304347826086956,,,0.27315,0.0,0.1101,0.39605,0.0
CoCo's Bistro,18,3.8333333333333335,0.28099999999999997,,0.3391222222222222,0.4215,0.5984,0.5749000000000001,0.0
Coco Fika,2,5.0,,,0.4215,,,,
Coco Ichibanya,27,2.7037037037037037,,,0.04594545454545454,,0.0,-0.43784999999999996,-0.27115
Coco's Bistro,29,4.0,0.07635,,0.26707142857142857,0.3217833333333333,0.24945,0.42764285714285716,0.0
Coconut Milk,3,3.3333333333333335,,,0.21623333333333336,,,0.2202,
Coconut Shake Batu Berendam,8,3.375,,,0.2294,-0.2263,0.26632500000000003,,0.0
Cofeology Cafe & Restaurant,9,1.8888888888888888,0.3051333333333333,,0.13886666666666667,,,0.0,0.0
Coffee ETC,30,2.9,,0.4019,0.2014333333333333,,0.31845,,
CoffeeNuts Cafe,9,5.0,0.5719,,0.3771875,,,,
Coliseum Cafe,82,2.6219512195121952,0.2223066666666667,0.4404,0.08275417933130699,,0.0,0.2339,0.0
Colonial Cafe,42,2.738095238095238,0.32415,,0.15056011904761904,0.0,0.0258,0.1628735294117647,-0.039725
Colonial India Restaurant,62,2.435483870967742,-0.11722222222222223,-0.259225,0.17767564516129034,-0.0734,0.07071666666666666,0.1261153846153846,0.0
Come On Veggie Cafe 泉興素食坊,25,3.28,0.0,,0.32555,0.28595,0.0,-0.4588,
Concubine KL,1,1.0,,,0.1101,,,,
Connoisseurs Cafe,9,2.2222222222222223,-0.09975000000000002,,0.24546666666666664,0.376425,,0.12733750000000002,
Container City,5,3.0,0.4019,,0.4404,,,,0.4215
Container City Miri,93,2.935483870967742,0.35002500000000003,,0.20108076923076926,0.0,0.0,0.0,0.0
Contango,174,3.0517241379310347,0.34421999999999997,,0.16396455555555559,0.0367,0.033607142857142856,0.3283994623655914,0.0
Copo Pizzeria,3,5.0,,,0.36745,,,,
Coppola Family Pizzeria & Wine Bar,16,3.4375,0.2202,,0.2802025,,0.0,0.42650000000000005,0.0
Coppola Pizza Restaurant,37,2.7837837837837838,0.43095,,0.19616625,,0.0,0.0025444444444444356,0.0
Cor Blimey British Fish and Chips (Damansara Uptown),65,2.9692307692307693,0.105375,0.4939,0.23075178571428573,,0.0,0.2618020833333333,0.0
Corner 61,14,4.071428571428571,,,0.34140000000000004,,0.0,-0.2294,
Cottage,2,1.5,,,0.4404,,,,
Cottage Spices A Taste of Melaka,51,2.843137254901961,0.12044999999999999,,0.11269462365591397,-0.20095,-0.0320625,0.09690416666666667,0.0
Cottage Spices Nyonya Restaurant,80,3.1625,0.4215,,0.2546145833333333,,0.0303047619047619,0.12715454545454546,0.0
Country Court,3,2.6666666666666665,,,0.035061111111111105,,0.0,,0.0
Country Court New (Five loaves Two Fish),15,1.6,,,0.07143999999999999,0.0,0.0,0.2263,
Country Kitchen,3,1.0,,,,,0.0,-0.2294,
Country Kitchen 家鄉小廚,44,2.409090909090909,,0.0,0.19719444444444445,0.0,-0.059199999999999996,-0.32232714285714287,0.0
Cowan Street Ayam Tauge & Koitiau Restaurant 高温街牙菜鸡沙河粉,99,2.696969696969697,,,0.20077459147459148,,0.0,-0.05993333333333333,0.0
Cozy Corner (Ampang Park),20,2.75,0.0,,0.19739444444444443,0.0,,-0.005790000000000006,-0.4939
Crab House,2,2.0,,,0.105375,,0.0,0.0,0.0
Craveat,4,3.25,,,0.31245,,0.0,0.6249,0.0
Crispy Palace,1,4.0,,,,,,,
Crossborder vape bar & bistro,1,4.0,,,,,,,
Cruise Kebab كروز كباب,3,3.0,,,0.12498000000000001,,,,0.0
Crumb Artisan Bakery & Cafe,23,3.130434782608696,0.43095,,0.19245833333333331,0.3182,0.0,0.4939,
Crystal,1,3.0,,,,,,0.4404,
Crystal Garden Restaurant,1,1.0,,,-0.15293333333333334,,,-0.5423,
Crystal Palace Seafood Restaurant,1,1.0,,,,,,,
Cu Cha Restaurant,18,3.1666666666666665,0.6249,,0.30625555555555556,,0.0,0.22394999999999998,0.0
CuBs & CuPs,4,3.75,,,0.29295,,,,0.4404
Cuisines Restaurant,49,3.836734693877551,0.42473125,,0.2537891975308642,0.31070000000000003,0.0,0.382040367965368,0.19063333333333332
Cun Cun Cafe,17,3.588235294117647,,,0.35084444444444446,-0.3612,0.1591,0.49766666666666665,0.0
Curate,47,2.3617021276595747,,,0.21857000000000001,,0.0,0.10104999999999999,0.0
Curate At Four Seasons Hotel Kuala Lumpur,48,3.4791666666666665,0.30633333333333335,,0.17378461538461537,0.0,-0.02131428571428571,0.31837,0.1101
Curry House,36,2.9166666666666665,,,0.06291428571428571,0.0,0.0,,0.0
D Anjung Muara,3,1.6666666666666667,,,0.0,,,,
D Legends bar,8,3.875,0.1101,,0.3380625,,0.2202,0.0,
D' Cahaya Cafe,13,3.230769230769231,,,0.0,,,,
D'Laksa - Original Penang Laksa,6,4.0,,,0.51315,,0.4404,,
D'Lima Cafe,22,1.7727272727272727,,,-0.06070071428571428,,-0.12635,0.251675,-0.042666666666666665
D'Loovi's,19,4.2631578947368425,0.457425,,0.36982499999999996,0.0,,0.31245,0.0
D'Sea Restaurant,3,3.0,,,0.128,,-0.2732,,
D'grill Seafood restaurant,29,1.7586206896551724,0.0,,-0.08557866666666666,0.4404,0.1741,-0.33826354166666667,0.0
DAPUR DAYANG,11,1.9090909090909092,,,0.253075,,0.0,-0.27115,0.0
DC Comics Super Heroes,15,3.0,,,0.14932,0.0,0.1591,0.395525,
DC Restaurant,54,3.7962962962962963,0.07896,,0.414734,0.0,0.19726,0.40941923076923076,-0.0903
DESA PERMATA IKAN BAKAR no5&6,86,3.1744186046511627,0.4215,,0.18495194444444443,0.42115,0.10181428571428572,0.24500555555555556,0.0
DIN by Din Tai Fung,25,2.12,,,0.11431363636363635,,0.0,0.363175,0.0
DIN by Din Tai Fung at Mid Valley SouthKey Mall (NO PORK),3,1.3333333333333333,,,-0.08895,,,-0.3612,
DIN by Din Tai Fung at Suria KLCC (NO PORK),21,3.142857142857143,0.35875,,0.0826388888888889,,0.0,0.29061333333333333,0.0
Da On Fine Korean Cuisine,14,3.4285714285714284,0.21075,,0.14581759259259258,0.4404,0.0,0.42575,0.0
Da San Yuan,4,3.0,,,0.146475,,,,
Dae Jang Gum,5,2.6,0.07470000000000002,,0.2202,,,0.31143333333333334,
Dalca Penang Restaurant by Masakan Warisan,16,2.75,,,0.1524,,,0.46715,
Dallah Restaurant (Johor Bahru),29,3.310344827586207,,,0.2043535714285714,0.0,0.0,0.28745,0.0
Damansara Uptown Hokkien Mee (Uptown-HQ),129,2.255813953488372,0.4215,,0.07408192307692307,-0.18076666666666666,-0.038775,0.029394999999999998,-0.0128375
Damascus Cafe,4,4.0,,,,,0.4404,,
Damascus Restoran,2,3.0,,,0.07050000000000001,,,,
Dancing Fish,129,3.2713178294573644,0.32928666666666667,,0.2251177969348659,,0.0618857142857143,0.35479230769230774,0.0
Daorae Korean BBQ Restaurant,64,3.0,,,0.17299583333333335,0.0,0.02263,0.076865,0.0
Daorea Korean BBQ,5,2.8,,,0.33086666666666664,,0.4404,0.35705,
Dapo Cafe - Makanan Kelantan.,20,3.4,,,0.2296166666666667,,,,
Dar Zen Food Centre 大人饮食中心,39,2.6153846153846154,,,0.09173333333333333,0.0,0.24003333333333332,0.13396666666666665,
Daruma Syokudo,3,3.6666666666666665,0.5106,,0.156225,,0.0,0.4404,
Dash Beach Club,32,2.4375,0.22935000000000003,,0.130275,0.41851666666666665,0.4404,0.07312777777777778,0.0
Daun Kitchen,1,5.0,,,0.0,,,,
David Brown's Restaurant & Tea Terrace,89,3.191011235955056,0.5627285714285714,0.4019,0.21515454545454543,0.3488,0.0,0.1750253333333333,0.0
David's Diner,89,3.101123595505618,0.325575,0.20095,0.2004034090909091,,0.06772500000000001,0.0942125,0.0
Dawan Thai Kitchen Seafood Restaurant,14,2.5714285714285716,,,0.2072642857142857,,0.2202,-0.18076666666666666,0.0
Dc Comics Superheroes Cafe,52,3.173076923076923,0.44914000000000004,,0.177446875,,0.0,0.2743481481481481,0.0
De.Wan,8,3.0,0.2616,,0.30699166666666666,,0.0,0.093725,0.0
De.Wan 1958 By Chef Wan,8,3.25,0.45816,,0.2936,0.0,,0.28919,0.0
Decanter PJ Section 17,87,2.9195402298850577,0.41485,,0.20218508403361346,0.210575,0.07835454545454545,0.21955666666666668,0.0
Deens Maju Nasi Kandar,76,3.4473684210526314,,0.3182,0.1933382142857143,-0.13381428571428572,0.03182,0.11251904761904762,-0.0002726190476190493
Deep Blue,6,2.5,0.527925,,-0.0229,,0.0,0.2263,
Define:Food,101,2.782178217821782,0.3595363636363636,,0.2119059090909091,,0.07387777777777778,0.2252590625,0.0
Define:food,6,3.1666666666666665,0.6249,,0.03166749999999996,0.4404,0.4404,0.31143333333333334,
Dehappy Seafood Restaurant,87,2.7126436781609193,0.28099999999999997,,0.11609780045351473,0.0,0.010935714285714286,0.34325703125,0.0
Delay No More Crab Restaurant,9,2.888888888888889,0.43095,,0.28595,,0.074,0.4939,0.0
Delhi Bhojanalay,2,3.0,,,0.6249,,,,
Delhi Royale,46,2.739130434782609,0.477,,0.21465388471177946,0.38295,0.04404,0.041128571428571445,0.07955
Deli Oasis,1,4.0,,,0.0,,,,
Deli Rich,3,3.0,,,0.02263,,,0.142975,
Delicious Bangsar Village 2,50,2.74,-0.23835,,0.18229166666666666,0.21075,0.2202,-0.019825877192982462,0.0
Delicious Langkawi Dessert House,6,3.1666666666666665,,,0.14049999999999999,,0.0,,
"Delicious, Bangsar Village 2",50,2.74,0.2873,,0.13782129629629628,,0.22020000000000003,0.21353750000000002,0.0
Delirium Cafe,9,2.4444444444444446,,,0.5634,0.6249,,0.15503333333333333,
Deluxcious Spa & Restaurant,23,3.391304347826087,0.5232,,0.35602,,0.0,0.30985,0.0
Del’s Kitchen,2,2.5,,,,,,0.16463333333333333,
Denai Alam Curry House,3,3.0,,,0.296,,,0.4939,
Desaru,1,1.0,,,0.0,,,,
Desert Retreat Restaurant And Coffee Shop,2,2.0,,,0.31245,,,0.6249,
Desert Retreat Restaurant and coffee Shop,2,4.0,0.5719,,0.27323333333333333,,,0.4939,
Dessert Master,22,2.6818181818181817,,,0.21230000000000002,,,-0.23835,0.0
Destino Dé Espresso,4,3.5,0.4019,,0.1229777777777778,0.0,,0.0,
Devi's Corner,77,2.6493506493506493,0.6249,,0.1616554,-0.07224,0.048933333333333336,-0.130755,0.06943333333333333
Dewakan Restaurant,50,2.84,0.1468,0.4019,0.15905786713286713,0.0,0.10606666666666666,0.23216354166666667,-0.017116666666666665
Di Mattoni,11,2.8181818181818183,,,0.06621533333333333,0.4215,,-0.079,
Dim Sum Garden Restaurant,9,3.0,,,0.05505,,0.296,0.4582333333333333,
Din Tai Fung at The Gardens Mall,58,3.206896551724138,-0.08895,,0.16867113756613755,0.0,0.22223333333333337,0.2022261904761905,0.0
Din Tai Fung 鼎泰豐 At Penang Gurney Plaza,98,3.010204081632653,,,0.18892866666666666,0.4404,0.0,0.1673826086956522,0.0
Din Tai Fung 鼎泰豐 at 1 Utama Shopping Centre,87,3.0114942528735633,0.20955000000000001,,0.16888589743589744,,0.0,0.21174375,0.0
Din Tai Fung 鼎泰豐 at Pavilion KL,76,3.3157894736842106,0.43095,,0.2574904761904762,0.2202,0.03232857142857143,0.3278638888888889,0.0
Din Tai Fung 鼎泰豐 at The Gardens Mall,244,2.901639344262295,0.56775,,0.1505212121212121,0.2202,0.028756666666666666,0.2919212121212121,0.0
Dingdong Ko Cha Bi Cafe,5,3.6,,,0.2202,,,,
Dining In The Dark KL,318,4.066037735849057,0.20862727272727274,,0.30492716284987276,0.03918888888888889,0.0,0.35512176870748297,0.1749652777777778
Dolly Dim Sum,42,2.8095238095238093,0.33114166666666667,,0.081245,0.0,0.0,0.03510333333333334,0.0
Dolly Dim Sum Sunway Pyramid,2,4.0,0.6249,,0.5824,,0.0,,0.4404
"Dolly Dim Sum, NU Sentral",123,2.6991869918699187,0.43944444444444447,,0.21206511627906977,,0.1441375,0.004023456790123458,-0.02263
"Dolly Dim Sum, Pavilion Elite",23,3.0434782608695654,0.4631,,0.20349166666666668,0.6249,0.1468,0.11848636363636364,0.0
Dome Cafe (Connections),40,2.475,0.61215,,0.15232307692307692,0.4967,0.1101,-0.16622820512820516,0.0
Don's Burger,1,4.0,,,,,,,
Don's Diner,47,3.574468085106383,0.1101,,0.35347291666666664,,0.0,0.3881,0.1101
Dong Seoul Korea Restaurant Mount Austin,17,1.8823529411764706,,,0.04439285714285713,,0.0,0.05877500000000001,
Dong Seoul Korean Bbq Restaurant,4,3.0,,,0.6249,,0.0,,
Dontaku,12,3.0833333333333335,0.31245,,0.14049999999999999,,0.0903,0.0,0.0
Dontaku Japanese Restaurant,8,3.125,0.4215,,-0.007438095238095239,,0.0,0.6249,
Don’s Burger Permyjaya,65,3.4461538461538463,,,0.33674848484848485,0.0,0.3515333333333333,0.0513,0.0
Down to Bones,6,3.6666666666666665,,,0.33804,,0.0,,0.0
Dragon Dynasty Seafood Restaurant,8,1.625,,,0.23645333333333332,,,,
Dragon Seafood Restaurant,63,3.111111111111111,0.4404,,0.23260795454545455,,0.11256666666666666,0.14623333333333333,0.0
Dragon-I,26,3.1153846153846154,0.2202,,0.08872083333333335,,0.0,0.0781125,0.0
Dragon-i,57,2.526315789473684,0.2202,,0.16328635416666668,0.2202,-0.059199999999999996,0.15686538461538463,-0.05135
Dragon-i Peking Duck Restaurant @ Pavilion KL,35,2.8857142857142857,,,0.15566785714285714,0.6249,0.10606666666666666,0.04204374999999999,-0.03423333333333333
Dragon-i Restaurant Komtar JBCC,5,2.8,,,-0.0128,0.0,0.4767,0.4404,
Dragon-i Restaurant Sdn Bhd (Komtar),39,2.4615384615384617,,,0.09148983333333334,0.0,0.0,-0.08482777777777778,0.0
Dream Cafe & Bar,1,4.0,,,0.0,,,,
Drop Exchange,6,4.166666666666667,0.4256,,0.0036249999999999893,0.0,,0.4818,
"Du Viet Vietnamese Restaurant, Kuala Lumpur",35,2.8,0.21075,,0.08508819444444445,0.4767,0.02568750000000001,0.167125,-0.135575
Duddha,10,2.8,,,0.21895714285714285,0.5911500000000001,-0.4588,0.0,
Dulang Lima Cafe,76,3.1447368421052633,0.21075,,0.29231342857142856,,0.10606666666666666,-0.0875590909090909,0.0
Durbar at FMS,67,3.1492537313432836,0.4275269230769231,,0.19742321428571427,0.0,0.0,0.19315000000000002,
Durian Dreamland,2,2.5,,,0.0,,,,0.0
Durian Dreamland @ 榴莲之乡,3,3.3333333333333335,,,,,,,
DurianBB Park,4,3.75,,,,-0.2263,0.1591,,0.0
Dutch Harbour Cafe,108,2.361111111111111,0.33309,0.0,0.11997454545454544,0.38246,0.018805555555555558,0.12906290322580644,0.0
Dynasty Chinese Restaurant,36,3.2222222222222223,,,0.1439205882352941,0.4404,0.0,-0.1281142857142857,0.04166
EPL,2,2.0,,,,,,,
"EPL (Eat, Play, Laugh)",5,3.0,0.5199,,0.005175000000000013,,,0.4989166666666667,
Earle Swensen's,4,2.25,,,0.4404,,0.0,0.0,0.0
East Ocean Seafood Restaurant,9,4.0,,,0.41705714285714285,,,0.1325375,0.0
East Ocean Seafood Restaurant Menglembu,78,3.141025641025641,0.2997,,0.2943381313131313,0.2202,0.10597000000000001,0.15790625,0.0
Eastern Dragon Restaurant,28,2.75,0.4404,,0.19530111111111112,0.0,0.0,-0.171,0.0
Eat X Dignity Cafe,78,3.6794871794871793,0.4442625,,0.29744789473684213,0.0,0.1101,0.3358461538461538,0.08648333333333333
Eat at 18,48,2.7916666666666665,0.14049999999999999,,0.15918823529411763,0.0,0.0,-0.14566333333333334,0.0
Eddy's Tap & Grill,2,3.0,,,,,,,
Edelweiss Cafe,42,3.738095238095238,0.28837777777777773,,0.17552222222222222,0.0,,0.2878636363636364,0.2202
Edo Ichi,9,3.3333333333333335,0.4215,,0.40102000000000004,,0.0,0.14891000000000001,0.0
Edo Ichi Nexus Bangsar South,62,2.806451612903226,0.38706666666666667,,0.1607635802469136,,0.0,0.10117395833333333,0.1468
Edo Ichi Solaris Dutamas,4,4.0,,,0.6249,,0.0,0.24695,
Ee Beng Vegetarian Food,63,3.253968253968254,,,0.1800235632183908,,0.0316625,0.12843,
Ee Chinese Cuisine Restaurant,16,3.3125,,,0.15275714285714284,0.0,,0.1175,
Ee Ji Ban Chicken Rice Ball,109,2.8073394495412844,0.4404,0.0,0.13357180751173708,0.1468,0.08191428571428572,0.06394444444444444,0.04795555555555556
EeJiBan Chicken Rice Ball Halal,117,2.9401709401709404,,0.0,0.079074375,0.4404,0.043607692307692306,0.35590000000000005,0.04043
"Ekkamai, Batai",21,3.0,0.13023,,0.19088809523809522,0.0,0.0,0.42284583333333337,0.1101
El Cerdo,157,3.828025477707006,0.3805382352941176,0.2023,0.3050277056277056,0.0,0.16320769230769233,0.37954183673469394,0.13139285714285714
El Iberico,24,2.7083333333333335,,,0.08920454545454547,,0.2263,0.1468,0.29295
El Mesón,21,2.9523809523809526,0.4577,,0.16114833333333334,0.0,0.31245,0.08610208333333334,0.04588
El Sid's Bar,2,4.0,0.43095,,0.296,,,0.4939,
El Toro Langkawi - Mexican Bar & Grill,67,3.298507462686567,0.4215,,0.28565073529411766,0.2023,0.253075,0.240225,0.0
El Toro Loco @ Cormar Suites,26,2.9615384615384617,0.5002,,0.030146875000000004,0.4404,0.0,0.14263333333333333,
El Toro Loco KL,14,3.9285714285714284,0.5232,,0.2669333333333333,0.0,,0.17415,0.0
Elegant Cafe,1,5.0,,,0.6249,,,,
Elegant Inn Hong Kong Cuisine,12,3.25,0.4215,,0.1908416666666667,,,0.24498333333333333,
Elephant Rock Restro Bar,8,4.125,0.2202,,0.349775,0.0,-0.3252,0.24695,
Emily's Steakhouse Kuala Lumpur,52,3.0961538461538463,0.3607,,0.2809762222222222,0.0,0.1468,0.24515098039215685,-0.0516
Enca Cafe & Restaurant,40,3.7,0.4939,,0.20711892857142858,0.2202,,0.4392625,0.4215
Enca Restaurant,15,3.1333333333333333,,,0.3648609523809524,,0.18964999999999999,0.04334999999999999,0.0
Engleham 31,9,2.4444444444444446,,,0.2298125,0.0,,0.2023,
Enju,4,3.0,,,0.237675,,0.0,0.2202,
Enorme Italian Restaurant,87,3.0919540229885056,0.12079285714285715,,0.1843285925925926,-0.2548,0.2936,0.14659666666666665,0.0
Enoteca Vino & Cucina,16,2.875,0.29295,,0.3002215277777778,0.21075,0.2083,0.4557194444444444,0.0
Entier French Dining,113,2.734513274336283,0.31376,-0.18766666666666665,0.15949523809523808,0.18409999999999999,0.18617,0.05918181818181818,-0.028675
Escobar Bar & Grill,47,2.2127659574468086,-0.07700714285714286,,-0.0032333333333333368,0.2616,0.0,0.1219,0.0
Essence Restaurant,33,2.909090909090909,0.5326500000000001,,0.0901925,,0.22223333333333337,0.39967,0.22641666666666665
Estana Curry House,5,2.4,,,-0.08007500000000001,,,0.0,
Euro House,100,3.18,0.22403333333333336,,0.18433460317460318,0.4404,-0.023166666666666662,0.22020000000000003,0.31245
EverGreen Restaurant,43,3.3488372093023258,,,0.2384804347826087,0.0,0.119325,-0.31951999999999997,0.0
Evergreen Restaurant,6,2.6666666666666665,,,-0.050108333333333324,0.43095,0.3181333333333333,,
Excapade Japanese Cuisine Tanjong Lobang,58,3.3793103448275863,0.43095,,0.15928933333333334,0.4404,0.19063333333333332,-0.05729444444444445,0.0
Excapade Sushi,10,2.6,,,0.0,0.0,-0.060275,-0.43210000000000004,
Exotic Curry House,2,1.5,,-0.5423,,,,,
Express Teppanyaki,7,2.7142857142857144,,,0.3182,,0.36471666666666663,,
Eye's Steak,1,1.0,,,0.0,,,0.0,
FAj Cafe,1,4.0,,,,,,,
FLOUR,39,2.8461538461538463,0.24958333333333332,0.4404,0.10485965136054422,0.0734,0.11664285714285715,0.17365000000000003,0.0
FOOD PARADISE RESTAURANT & BISTRO,5,3.6,,,0.2936,,,0.4939,
FS Nasi Kandar Corner,25,3.04,0.4215,0.0,0.22066875,0.6249,0.3607,0.2274181818181818,0.31845
"FUNA Zushi at Jalan Istana, Klang",2,4.0,,,0.4404,,,,
Face To Face Noodle House,11,2.727272727272727,-0.4767,,0.0734,,0.0,0.4939,
Farmland Porridge Steamboat,1,3.0,,,,,0.3749,,
Farquhar's Bar,6,2.6666666666666665,0.4215,,,,,0.019291666666666665,
Fat Brother,5,4.2,,,0.0,,,,0.0
Fat Cupid - Cafe & Restaurant,68,3.3823529411764706,0.31240625,,0.29626458333333333,-0.3612,0.4404,0.41223666666666664,0.0
Fat Fish,45,3.088888888888889,0.4043,,0.2379475,,0.0734,0.334625,0.0
Fat Olive Food Garage,24,3.6666666666666665,,,0.2811230769230769,0.20095,0.1589,0.12849,
Fatboy's The Burger Bar,16,3.0,0.28595,,0.020971428571428575,,0.0,0.011700000000000007,0.0
Fatfish jb,32,3.6875,0.42622499999999997,,0.278675,0.0,0.0,0.30505,0.0
Fatty Crab Restaurant 肥佬蟹海鲜楼,81,2.7160493827160495,,,0.11626172159090908,0.0,-0.013650000000000002,-0.10436000000000001,0.0
Fatty Mee Hoon Kuih,31,3.064516129032258,,,0.059199999999999996,,0.0,-0.1589,-0.0279
Fatty Mee Hoon Kuih House (Klang),77,3.2337662337662336,,,0.28261470588235293,,0.12676,-0.12835925925925926,0.0
"Favola , Le Méridien Kuala Lumpur",54,2.9074074074074074,0.42528,,0.15624733333333332,,-0.22666666666666668,0.235195,0.0
Favola Italian Restaurant,55,3.8,0.3545466666666667,,0.21574059139784946,,0.163725,0.2613333333333333,0.08927142857142857
Fcup Dessert 凝夏,1,2.0,,,0.0,,,,
Feast & Furious,65,3.4461538461538463,0.4187,,0.16560625,0.0,0.04404,0.03776666666666667,0.0
Feast Village Starhill Gallery,8,2.5,,,0.0,,0.4404,,
Feast and Furious Cafe,31,3.3870967741935485,0.44864,,0.1732148039215686,0.0,0.15172,0.14871111111111113,-0.02054
Feed Me Miri,11,3.1818181818181817,,,0.1953875,,,0.24695,-0.05135
Fei Bo Snow Beer Ipoh Garden East 肥波雪花啤酒,96,3.03125,-0.014950000000000005,,0.24629826203208557,0.0,0.05995,0.21774545454545455,0.1468
Fei Fan Hotpot,3,4.666666666666667,,,0.5719,,0.5719,0.33483333333333337,
Fellini Ristorante & Caffe,39,3.4358974358974357,0.38743,,0.318228253968254,,0.16871666666666665,0.22528749999999997,0.29557500000000003
Feringgi Grill,51,3.5294117647058822,0.41186,,0.1394890804597701,0.0,0.059199999999999996,0.37497142857142857,0.0
Feringgi Grill at Shangri-La's Rasa Sayang Resort and Spa - Penang,5,3.8,0.20095,,0.4596,,0.0,,
Fern Pine Cafe,14,3.0714285714285716,,,0.224071875,,,-0.01815,
Fern Pine Cafe @ Holiday Villa,6,2.8333333333333335,,,0.0,,,0.22911666666666666,
Fifty Trees,56,3.2857142857142856,0.5151600000000001,,0.14886388888888888,-0.2263,0.1952,-0.03363000000000001,0.0
Fig Tree Cafe,2,3.0,,,,,,,
Fish & Co. (pavilion Kl),14,2.857142857142857,,-0.4767,0.1816190476190476,,0.296,-0.014966666666666665,0.0
Fish Lady,1,3.0,,,-0.07543333333333334,,,-0.4767,
Fish and Chips By. Bareeseta,2,5.0,,,0.09531666666666666,,,,
Fish and Chips by Bareeseta,26,3.5,0.5719,,0.34856818181818183,,,0.5035,-0.042375
Fisherman Seafood,30,3.066666666666667,0.4404,,0.27592083333333334,0.0,0.0,0.24695,0.0
Fisherman's Cove,9,2.7777777777777777,0.4215,,0.28945,0.4404,,0.436625,0.0
Fisherman's Dock,1,5.0,,,0.0,,,,
Flavourest Cafe,1,2.0,,,0.5011666666666666,,,,
Flip Burger Queensbay Mall,30,3.3333333333333335,,,0.152075,,0.0,0.2949,
"Flock, W Kuala Lumpur",57,3.1052631578947367,0.363175,,0.18337199999999998,,,0.1426814814814815,0.0
Flowers in the Window,86,3.244186046511628,0.32027500000000003,0.4215,0.19975514184397164,0.0,0.0367,0.04854615384615384,0.0
Flying Dutchman Bar & Bistro,1,5.0,,,,,,,
Flying Monkeys Bar,1,5.0,,,,,,0.4939,
Foh San,165,2.587878787878788,0.2713785714285714,,0.15538976608187133,-0.07666666666666666,0.05271904761904762,-0.06277333333333333,0.058915789473684206
Foh San Restaurant,440,2.2522727272727274,0.3102107142857143,,0.035922499999999996,0.13316250000000002,0.04209333333333334,-0.20585232804232803,-0.01692692307692308
Fong Lye,13,3.6923076923076925,,,0.0552,,0.4404,0.2345047619047619,0.0
Fong Lye Fusion,11,2.6363636363636362,,,0.14002,,0.019533333333333347,0.246225,0.0
Fong Lye Taiwan Restaurant (Sunway) 蓬莱茶房,67,2.4328358208955225,0.2873,,0.14691819376026272,,-0.014125,-0.27296363636363635,0.0
Food Paradise 乡之丰味 - JB City Square,11,2.4545454545454546,,,0.0260375,,0.0,-0.4767,0.0
Foodie Foodie,13,3.3076923076923075,0.6249,,0.40492,,,0.213625,0.0
Foodilicious Kitchen Shah Alam,7,2.5714285714285716,,,0.148,,0.0,,
Foodsbury,26,2.1153846153846154,0.4215,,0.13248333333333331,0.0,0.15086666666666668,-0.06416666666666666,0.0
Fook Xing Restaurant,2,2.0,,,,,0.25,,
Fook Xing Seafood Sdn. Bhd.,22,2.8636363636363638,,,0.21939375,0.0,0.14049999999999999,,0.0
Foremula,2,3.0,,,0.5574,,,0.47550000000000003,
Fork & Knife Restaurant,40,2.875,0.2202,-0.4404,0.16307843137254904,,0.1591,0.044245833333333325,
Fork and Knife Restaurant,3,1.6666666666666667,-0.1531,,0.09255000000000001,,,0.008350000000000024,0.0
French Feast,11,2.4545454545454546,,,0.146924,0.4404,0.4404,0.2936,-0.1027
Fresca Mexican Kitchen & Bar,70,2.357142857142857,0.45066000000000006,,-0.015716190476190477,,0.21306000000000003,0.01782083333333333,0.0
Friendscino Pelangi Johor Bahru,3,3.0,,,,,,,
Frisky Goat,20,3.15,0.2618,,0.21072708333333334,,,0.3586142857142857,0.0
Frontera Sol of Mexico,10,2.0,0.0,,0.3397125,,,,
Fruity Cake Sdn. Bhd.,1,5.0,,,,,,,
Fu-Rin,7,2.857142857142857,0.0,,0.1368361111111111,0.0,0.0,0.23131,
FuduBa,2,4.0,,,,,,0.4967,
FuduBa Japanese,35,2.5428571428571427,0.2873,,0.033158181818181816,,0.0,0.19756,0.0
Fuel Shack - Terminal Bersepadu Selatan,9,1.6666666666666667,,,0.0515675,,,,0.0
Fuel Shack Signature,54,2.5925925925925926,0.2616,,0.13962763440860215,0.4404,0.18558125,0.08447857142857143,0.0
Fugo Ryori,8,2.25,0.6249,,0.005733333333333331,,,0.093275,
Furui Michi Ramen,2,5.0,,,0.24003333333333332,,,,
GCafe Mount Austin,1,3.0,0.4939,,0.2294,,,0.5106,
GE Sausages,2,3.5,,,,,,,
GM Burger,23,3.0869565217391304,,,0.14768571428571425,,0.13355,,
GO Noodle House,12,2.75,,,0.0,,0.4404,0.21075,0.0
GOODDAM,30,3.1333333333333333,0.398175,,0.1644503846153846,,0.0,0.4923,0.0
Gala Corner,110,2.918181818181818,0.0,0.0,0.14479166666666668,0.11069999999999999,,-0.24657500000000002,-0.05135
Galanggal Cafe,9,3.5555555555555554,0.0,,0.2083,0.2202,0.0,0.21075,
Gales,1,4.0,0.4215,,0.48355,,,,
Gallo Nero Italian Restaurant,84,3.4166666666666665,0.41920555555555555,,0.2685908888888889,0.0,0.252925,0.15155641025641026,-0.002088571428571428
Gangnam Station,6,3.0,,,0.084875,,,0.0,
Garage Cafe,2,3.5,,,0.2083,,,0.51315,
Garam Masala North Indian Restaurant,22,3.3181818181818183,0.2869,,0.2480482142857143,0.0,,0.40476999999999996,
Garden Cafe at Golden Sands Resort - Penang,12,2.4166666666666665,,,-0.04294666666666667,,,,0.0
Garden Steamboat,1,1.0,,,,,,,
Gastro Sentral,48,3.5208333333333335,0.1212,,0.14591388888888887,0.0,0.0,0.25231750000000003,0.0
"Gastro Sentral, Le Méridien Kuala Lumpur",42,3.3095238095238093,0.4893,,0.46118636363636367,,0.0,0.291076,0.0
Gavel Coffee Kitchen Craft Beers,10,3.0,,,0.12149000000000001,,,-0.0923375,0.0
Gayatri @ Medini Restaurant,7,2.142857142857143,,,0.05505,,,0.11315,
Gem Restaurant,41,2.7804878048780486,0.10217500000000002,,0.15193548387096775,0.11111666666666668,0.08626666666666667,0.1773378787878788,0.0
Gem Restaurant PJ,83,2.6144578313253013,0.3037714285714285,,0.26604375,0.43095,0.2202,-0.2096625,0.0
Gemoq Cafe,1,5.0,,,,,,,
Genji Japanese Restaurant,51,2.7450980392156863,0.0,,0.20488055555555557,0.0,0.0,0.22698999999999997,0.1468
Geographer Cafe,516,2.798449612403101,0.2195140056022409,-0.16436666666666666,0.12047399544678429,0.3770120967741935,0.05561166666666666,0.12274080086580087,0.05090813953488372
Geographer cafe Kuala Lumpur,91,3.4065934065934065,0.42851,,0.2732687037037037,,0.0,0.411364,0.0
George & Dragon Cafe Sdn. Bhd.,61,2.9508196721311477,0.3740541666666667,,0.15266754385964912,,0.0,0.11861999999999999,0.0
George & Dragon Cafe at Taman Tasek,18,3.5,0.1638,,0.2489375,,0.0617375,0.2597625,0.0
German Food Corner,84,3.6547619047619047,,,0.20117588652482268,,0.129975,0.311346875,0.2553
German Sausage House,3,3.3333333333333335,,,0.0,,,,
GhaZal Cafe,1,1.0,,,,0.0,,,
Gianni's Trattoria,87,2.9310344827586206,0.31127916666666666,,0.23836794871794872,,0.04945833333333333,0.06352348484848486,-0.014671428571428571
Gin Gastronomy Italian,1,3.0,,,0.4404,,,0.6249,
Gin Ger,8,3.5,0.51315,,0.17596750000000003,,0.2202,0.5019,
GinRikSha,7,2.7142857142857144,0.46081111111111106,,0.2569,-0.10115,,0.5719,0.2732
Ginger Restaurant,28,2.5,0.0,,0.04724057971014492,,0.120725,0.11684230769230768,0.0
Giovanni's Ny Style Restaurant,1,5.0,,,0.4215,,,,
Giovannis,3,4.333333333333333,,,0.417825,,,,0.0
Girlie's Cafe,1,5.0,,,0.4404,,,,
Girlie's Café,17,3.0588235294117645,,,0.16572857142857142,,,0.24695,
Glass Tartines and Tipples,6,3.0,,,0.37372,0.6249,,0.43779999999999997,
Go Noodle House,6,3.3333333333333335,,,0.25095,,,,
Go.Fun Kee Bak Kut Teh,12,3.3333333333333335,,,0.24233749999999998,,,0.0,0.0
Goa By Sapna Anand,3,3.0,,,-0.07945,,,,
Gobo Chit Chat,62,2.661290322580645,0.22568333333333332,,0.06699866666666666,0.2202,0.06735000000000001,-0.021985507246376813,0.0
Gobo Upstairs Lounge & Grill,80,3.0875,0.30407142857142855,,0.15809778911564626,0.38706666666666667,0.11972222222222223,0.19488529411764707,0.0
Gogigo,1,3.0,,,,,,,
Gogirou BBQ Meat Street,3,2.0,,,0.0,,,,
Goh Zha Lang Restoran Taiwan,1,2.0,,,0.33605,,,,
Golden Mansion Restaurant,2,3.0,,,0.33030000000000004,,0.0,,
"Golden Wok, Live Seafood Restaurant",8,1.625,,,0.074,0.2202,,0.127775,
Goo9s,1,3.0,0.5106,,,,,0.4215,
Good New World,3,2.6666666666666665,,,0.046785,,,0.4404,
Goodness Greens Cafe,10,3.0,0.4215,,0.18304761904761907,,,0.13958333333333334,0.0
Goon Wah XO Fish Head Noodle,80,2.4125,0.0,,0.14626296296296296,,0.08895,-0.025242857142857147,0.0
Gourmet Sausage,12,2.8333333333333335,0.2263,,0.22756,,0.2202,0.21075,0.0
Gozen Japanese Restaurant,1,5.0,,,,,,0.2263,
Gran Fiesta,1,1.0,,,,,,0.0,0.0
Grand Bayview Seafood Restaurant,71,2.887323943661972,0.2202,,0.210336,,0.01767777777777778,-0.0019142857142857097,0.0
Grand Harbour Restaurant,10,2.4,0.4215,,0.074,,0.0,0.21414999999999998,0.0
Grand Imperial Restaurant,17,3.0,0.0,,0.11179166666666666,,0.0,0.04762,
Grand Palace,2,3.0,,,,,,,
Grand Straits Garden Seafood Restaurant,74,3.135135135135135,0.2202,,0.19322653333333334,0.22020000000000003,0.26534,-0.2082357142857143,0.0
Grand Straits Garden Seafood Restaurants,14,3.0714285714285716,0.37929999999999997,,0.15997083333333334,0.4215,0.0,0.3374333333333333,0.0
Grandmama's,10,1.7,,,0.08808,0.0,,-0.2994,0.0
Grandmama's Intermark KL,15,2.7333333333333334,0.4215,,0.11062187500000001,,0.0,0.15535333333333332,0.0
"Gravity, Rooftop Bar, Penang",12,3.8333333333333335,0.3151833333333333,,0.0,0.6249,,0.24695,
GravyBaby Damansara Heights,72,2.7222222222222223,0.3877875,,0.11023382716049383,0.6249,-0.074,0.04013846153846154,0.0
GravyBaby Melaka,8,2.375,0.2873,,0.09866666666666667,,,,
Gravybaby Jalan P Ramlee,103,2.7766990291262137,0.3598857142857143,-0.4767,0.11691073333333334,0.325575,0.09765,0.23395325203252032,0.156225
Graze,17,2.764705882352941,0.45855,,0.27570833333333333,,,0.14075000000000001,0.5719
"Graze Restaurant, Kuala lumpur",37,3.8378378378378377,0.3708666666666667,,0.2614923076923077,,0.0,0.2662875,0.0
Grease Cheesesteak,7,2.7142857142857144,0.0,,-0.27115,,,0.24695,
Green Hill Corner Hawker Centre,25,3.36,0.6249,,0.09681250000000001,0.2616,0.25095,,0.0
Green House Vegetarian Restaurant,1,1.0,,,,,,,
Greenet Bar & Restaurant,2,2.5,,,0.4215,,,,
Greentown Dimsum Cafe,23,3.217391304347826,0.13125,,0.17362380952380954,,0.0,0.228975,0.0
Greentown Dimsum Café,228,3.3421052631578947,0.36845000000000006,0.4019,0.24440316901408451,0.2202,0.04115833333333333,0.11157791666666668,0.0
Greyhound Cafe,23,2.217391304347826,0.47565,,0.14303181818181818,-0.5423,0.10606666666666666,0.31655714285714287,0.0
GridIron Sports Cafe & Lounge,6,3.3333333333333335,0.4939,,-0.09534000000000001,,,0.4404,
Grill Bar,25,2.68,0.22142,,0.21475089285714286,0.10534999999999997,0.1468,0.23793888888888887,-0.1589
Grill Bar Steakhouse,39,2.7435897435897436,0.5019,,0.28015072463768115,0.0,0.0,0.5719,
Grill Wine Cafe,7,3.7142857142857144,0.4577,,0.11293,,0.0,0.24695,
Grub by Ahong & Friends,82,3.341463414634146,0.12765,,0.23304135487528346,0.0,0.023741666666666664,0.16838,0.014680000000000002
Gudang Café,74,3.391891891891892,0.43494,,0.20906875,0.21075,0.0,0.172475,0.0
Gui Yuan Restaurant,90,2.7,0.4215,,0.14160757575757577,-0.17,-0.0211875,0.24995,
Gurney Delight Cafe,1,1.0,,,,,,,
Gustafood Café Resto,1,5.0,,,,,,,
Gusto Cafe,29,3.1379310344827585,0.4215,,0.19774285714285714,,0.11315,0.14049999999999999,0.0
HALE Healthy Fast Food,3,3.6666666666666665,,,0.14049999999999999,,,,
HANAYA Japanese Dining,3,3.3333333333333335,,,0.0,,0.0,0.0,
HBL Food Corner,25,3.6,,,0.26529444444444444,0.2202,0.156225,-0.3612,
HH+ by Haven Harbour,18,3.0555555555555554,0.4404,,0.363175,,0.09866666666666667,0.1718375,
HIGHtime Gastropub,1,4.0,,,0.0,,,,
HK Recipe,1,1.0,,,0.0,,,,
HYdeout By Grand Hyatt Kuala Lumpur,2,4.0,,,0.4404,,,0.0,0.31245
Hadramawt JB Restaurant,2,4.0,,,0.26335,,,,
Hadramawt Kitchen,9,3.888888888888889,,,0.3389611111111111,0.0,0.6249,0.08231666666666666,
Hadramawt Kitchen Shah Alam-Middle Eastern Restaurant,51,3.843137254901961,0.4758777777777778,,0.20879205069124424,0.4404,0.07461428571428572,0.22582500000000003,0.0
Hadramawt Langkawi Restaurant,72,2.625,0.2872166666666667,,0.18576805555555556,,0.015580000000000002,0.2016166666666667,
Hadramawt Palace,5,2.0,,,0.21960000000000002,,,0.4215,
Hadramawt Restaurant,9,2.7777777777777777,0.13125,,0.10694999999999999,0.13935,,0.123475,
Hadramawt Restaurant Johor Bahru,12,2.5833333333333335,,,-0.21619999999999998,0.4404,0.0,0.4939,0.0
Hai Ba Wan,2,2.0,,,0.0,,,,
Hai Nan Village Lei Cha,6,4.333333333333333,,,0.4404,,,,
Hai Wei Seafood Restaurants 海味海鲜中餐厅,44,3.2954545454545454,,,0.23404444444444447,,0.0,0.0,-0.1698666666666667
Hai Yan,4,3.75,,,0.2202,,,,
Hainamko Chicken Rice,10,2.6,0.4404,,-0.06586,,,0.0,0.0
Hainan Cafe,36,3.388888888888889,,,0.22337894736842107,,0.0,0.3601,0.0
Hainan Kitchen,2,5.0,,,0.31845,,,0.480525,
Hainanese Delights Restaurant Penang,28,2.142857142857143,,,0.12036363636363637,,0.0,-0.33966666666666673,
Hakka,12,3.1666666666666665,0.4404,,0.1250375,,,0.023783333333333333,
Hakka Mee Restaurant Paris (Yin Yau Kui),8,2.875,,,0.142975,,,0.4939,
Hakka Restaurant,244,2.8811475409836067,0.29884090909090905,0.030349999999999988,0.16897638104013105,0.19617946428571428,0.1606575,-0.0045932914046121626,0.006608333333333333
Halab Gate,3,3.3333333333333335,,,,,,,0.0
Halab KL,171,3.1169590643274856,0.31329,,0.20629471947194722,0.049999999999999996,0.10781333333333333,0.0945248427672956,0.005599999999999997
Halab KL Beremi,2,3.5,,,0.4215,,,,
Hameed Pata Mee Sotong,77,2.727272727272727,,,0.13986307692307692,,0.0,0.14327499999999999,0.020557142857142857
Hameediyah Restaurant,109,2.477064220183486,,0.0,0.23239988562091504,-0.12040000000000001,0.06364230769230769,-0.007690476190476184,0.004351923076923077
Han Palace Restaurant,5,2.8,,,0.056575,,,,
Han She Kitchen,1,2.0,,,,,,0.4404,
Hanamaru Udon Mid Valley Megamall,2,4.0,,,0.0,,0.2732,,
Hanare Authentic Japanese Cuisine,42,2.4761904761904763,0.394525,,0.16811816979316976,0.0,0.06304000000000001,0.04585333333333333,-0.030586666666666668
Handsome Seafood Restaurant,7,3.0,,,0.2914,,0.2202,-0.5423,0.0
Hanoi Cafe,1,3.0,,,0.0,0.0,,,
Hanoi Cafe JB,53,2.943396226415094,,,0.21113095238095236,,0.2202,-0.3615333333333333,
Hao Xiang Chi Seafood,1,3.0,0.0,,,,0.20095,,
Hao Yun Restaurant（苦瓜汤，炸肉，姜茸松鱼头）,18,3.1666666666666665,,,0.23953333333333335,-0.1027,0.0,0.2202,
Happy Happy Cenang Seafood Restaurant 真浪大家乐海鲜餐馆,114,2.456140350877193,,0.296,0.12807991452991455,,0.18199666666666667,-0.060087499999999995,-0.07543333333333334
Happy Mansion,5,2.8,,,0.4215,,,,
Happy Union Restaurant Sdn Bhd,43,2.697674418604651,,,0.16191764705882353,0.0,0.1101,-0.0242,0.0
Happy Wei Wei Kopitiam,1,5.0,,,0.21075,,,,
Hard Rock Cafe,536,2.8190298507462686,0.2165198795180723,0.4019,0.17890975535168196,0.31680726495726497,0.05831756756756757,0.1527579232111693,0.07763295454545455
Haroo Haroo Korean Restaurant,118,4.296610169491525,0.34625833333333333,,0.2798535714285714,0.0843,0.2006,0.3991287037037037,0.0714875
Haroo Korean Restaurant,69,4.043478260869565,0.5984,,0.33090630081300815,0.1468,0.05106000000000001,0.3230277777777778,0.1101
Haroo Story korean Restaurant,13,3.4615384615384617,0.43095,,0.1386875,,-0.21989999999999998,0.546025,
Haroo+,30,4.1,,,0.18711583333333331,,0.2273333333333333,0.349912962962963,0.0
Haroo+ Korean Restaurant,25,3.84,0.5574,,0.3383273958333333,,,0.4453833333333333,0.0
Harrods Cafe,55,2.4,0.17801999999999998,,0.09875875,0.33113333333333334,0.05303333333333333,0.16254561403508772,0.0
Harvest In Café,56,3.8035714285714284,0.4549,0.6249,0.2750047619047619,-0.025675,0.15787666666666667,0.4039142857142857,0.0
Harvests Bar & Grill,53,3.207547169811321,0.376425,,0.1281782608695652,0.4215,0.0,0.33146041666666665,0.0
Havana Bar & Grill,159,2.9685534591194966,0.3074258771929824,0.4404,0.2831577777777778,0.2661833333333333,0.13717500000000002,0.09354347826086956,0.06291428571428571
Havelly,4,2.75,0.5994,,0.2936,,0.0,0.46715,
Having's,23,3.9565217391304346,0.6249,,0.25256,,0.14928750000000002,0.12842,0.4404
Hawker Stalls in Chinatown,12,2.8333333333333335,,,0.20146666666666668,0.0,0.0,,
Hayashi Japanese Restaurant,3,3.3333333333333335,,,0.09736249999999999,,,0.16852666666666669,
Hayashi Japanese Restaurant 林日式料理,21,3.0476190476190474,0.4404,,0.19130833333333333,,0.4404,-0.4767,
Haza Cafe,2,3.0,,,,,,,
Healy Mac's,65,4.246153846153846,0.36728181818181815,,0.42107500000000003,0.53321,,0.348692,0.6072333333333333
Healy Mac's 12 Bar Cafe,23,2.5217391304347827,0.49560000000000004,,0.196961,0.3962066666666667,0.2237,0.26214444444444446,0.0
Healy Mac's Irish Bar,110,3.018181818181818,0.2405733333333333,,0.2931931818181818,0.44010000000000005,0.14781666666666668,0.07569666666666668,0.08808
Healy Mac's Irish Bar & Restaurant,167,3.2634730538922154,0.3631507936507936,,0.21541666666666667,0.36057500000000003,0.06735000000000001,0.20927933333333332,0.20928
Healy Mac's Irish Bar and Restaurant,107,3.682242990654206,0.369985,,0.33434166666666665,0.33425,0.23835,0.3708640425531915,0.156225
Heap Seng at 29,21,3.238095238095238,0.21075,,0.3061111111111111,0.0,0.1468,0.05726666666666667,
Heavenly Pandan Cafe,1,3.0,,,0.0,,,,
Hee Lai Ton Restaurant,87,2.8620689655172415,0.4404,-0.4404,0.1868803418803419,-0.07686,0.13809666666666667,0.12223333333333332,0.05719
Helena Cafe,23,3.130434782608696,,,0.1759,,0.0,0.44040000000000007,
Helena's Cafe,85,3.388235294117647,0.4939,,0.22060556818181817,0.4404,0.34735,0.338316091954023,0.08748571428571429
Heng Hainanese Chicken Rice Ball,19,2.4210526315789473,,,0.05564242424242424,0.4404,0.09806666666666668,0.031733333333333315,0.0
Heng Huat Coffee Shop,3,3.6666666666666665,,,0.0,,,,
Heritage Artisans,2,3.5,,,0.2202,,0.0,,
Heritage Flavours,1,3.0,,,0.0,,,,
Hermanos Restaurants,7,4.0,,,0.21662499999999998,,,,
Heun Kee Claypot Chicken Rice,7,3.857142857142857,,,0.32221500000000003,,0.31245,0.0,0.0
Hi Barry Desserts Cafe,8,3.75,0.2202,,0.0647361111111111,,,,0.0
Hi hotpot buffet,35,2.8,0.4404,,0.20246,,0.10606666666666666,0.237875,0.0
Hiang Kee Seafood Restaurant,1,3.0,,,,,,,0.0
Hibiscus Cafe,1,3.0,,,,,,0.4939,
Hidden Langkawi,93,2.3655913978494625,0.441425,,0.11209032258064516,0.4422,0.0,-0.09598392156862745,0.08808
Himawari Ramen Bar,1,5.0,,,,,,,
Hing Ket Grill House,11,2.727272727272727,,,0.22387500000000002,-0.11315,0.074,-0.4767,
Hing loong,6,3.5,0.0,,0.253375,,0.0,,0.0
Hiong Kong Restaurant,2,5.0,,,0.0,,,,
Hit & Mrs,3,2.3333333333333335,0.0,,0.6249,,0.0,,0.0
Ho Kow Hainanese Kopitiam,5,2.6,,,0.07024999999999999,,,,0.0
Ho Min San,1,3.0,,,,,,,
Ho Ping Cafe,39,2.923076923076923,,,0.10205555555555557,,0.0,0.18686,
Ho Seng Kee,14,3.0,,,0.16744,,0.3229,-0.43005000000000004,0.159225
Ho Seng Kee Wanton Mee,64,2.84375,0.4404,,0.06953924242424242,0.2202,0.0,0.33875,0.0
"HoMinSan 好面善 @ Paradigm Mall, Johor",69,2.681159420289855,0.2263,,0.18881785714285715,,-0.0051625,-0.08676666666666667,0.0
Hock Hai Dim Sum Cafe 福海點心,32,2.875,,,0.17356,0.4404,0.0,0.4404,0.0
Hock Kee Restaurant,2,4.0,,,0.31245,,0.0,,
Hoe Kee Chicken Rice Ball,151,2.966887417218543,0.21075,,0.07921614491475602,0.0,0.102290625,0.06658125,0.004851282051282051
Hoi Tin Lau Restaurant Sdn Bhd,6,3.1666666666666665,,,0.2873,,0.0,-0.23835,0.0
Hoi Tin Lau Restaurant Sdn. Bhd. 海天楼,44,2.659090909090909,,,0.2900153846153846,,0.0,0.07506666666666667,0.0
Hokkaido Ramen Santouka,15,3.3333333333333335,,,0.06345625,0.0,0.0,0.17759999999999998,0.0
Hokkian Bak Kut Teh,1,3.0,,,,,0.0,,
Hole In The Wall Fish Farm,29,3.206896551724138,,,0.17688805555555553,,0.0,,
Holy Guacamole - Love Lane,59,3.5084745762711864,0.36103749999999996,,0.228673875,0.4404,0.1468,0.3811716666666667,0.0
Home Made Yong Tow Fu Pasir Pinji Ipoh,1,3.0,,,,,,,
HomeTaste Melaka,1,3.0,,,,,,,
Homiez Recipe,6,3.6666666666666665,,,0.43095,,0.0,0.4404,0.0
Homst,2,2.5,,,0.02343333333333333,,,,
Hon Hin Cafe,34,3.4411764705882355,,,0.07449375,,0.4019,,
Hon Hin Café,1,4.0,,,,,,,
Hon Kee,2,3.0,,,,,,,
Hong Kee Claypot Chicken Rice,4,2.25,,,0.14862777777777778,,0.0,,
Hong Kong Noodle House,66,2.409090909090909,0.0,,0.1484868686868687,-0.064,0.2843777777777778,-0.09018444444444444,0.146475
Hookah District,1,1.0,,,-0.4767,0.0,,,
Horizon,3,4.0,,,,,,,
Horizon Grill,15,3.6,0.6249,,0.17723125,0.28595,,0.29970625,
Horizon Grill @ Banyan Tree Kuala Lumpur,54,3.185185185185185,0.51454,,0.11787291666666666,,0.0,0.152975,0.4546666666666666
Hornbill Barbeque Steamboat,7,2.4285714285714284,0.46715,,0.06417500000000001,,0.0,0.4404,0.0
Hornbill Cafe,1,5.0,,,,,,,
Hornbill Cafe Miri,8,3.375,,,0.105375,,,0.4404,
Hornbill Restaurant & Cafe,142,3.007042253521127,0.40347,,0.13185019047619048,0.17020000000000002,0.08510000000000001,0.2833108695652174,
Hornbill restaurant and cafe,53,3.150943396226415,0.4215,,0.19640625,0.244725,0.08510000000000001,0.3156111111111111,
Hot Pot King,4,2.5,,,-0.27115,,0.0,0.056575,
Hot-Star Large Fried Chicken,1,3.0,,,0.142975,,,,
Hotel Malaysia Restaurant,51,2.3529411764705883,,,0.010102884615384613,0.6249,0.074,-0.11945,
House of Lamb Malaysia,15,3.533333333333333,,,0.33340000000000003,,0.5719,0.5197333333333334,
Howdy Grillhouse,72,2.7777777777777777,,,0.13637516666666666,0.3568,0.0,0.0099,0.0
Huat Chicken Restaurant,5,3.4,,,-0.15140666666666666,,,,0.0
Hubba Mont Kiara,9,2.7777777777777777,0.49560000000000004,,0.17755,,0.07220000000000001,0.21075,0.0
Huck's Cafe,16,4.0,0.5326500000000001,,0.3682666666666667,,,0.18041666666666667,0.0
Hudson's Deli,12,4.333333333333333,0.3182,,0.4691666666666667,,,0.44789999999999996,
Hugo's Sunset Bar,1,4.0,,,,,,,
Hui Sing Hawker Center,16,3.25,,,0.2064625,0.0,,,
Hui Sing Open Air Hawker Centre Food Court,87,3.0229885057471266,,,0.19673181818181817,0.0,0.07955,0.0,0.0
Humble Ground Cafe & Guesthouse,1,5.0,,,,,,,
Huo Min Cafe 和民園,7,3.2857142857142856,,,0.0,,0.0,,
Hup Huat,3,2.3333333333333335,,,-0.21078333333333332,0.0,,,0.0
Hussain Cafe & Restaurant,8,2.875,,-0.050949999999999995,0.06968,,0.0734,0.317,
Hutton Lane Roti Bakar,80,3.3875,,,0.2537916666666667,-0.039150000000000004,0.024666666666666667,-0.0218,0.0
Hwa Mei Bak Kut Teh,1,3.0,,,0.0,,,,
Hwa Mei Bak Kut Teh 华美肉骨茶,23,2.5217391304347827,,,0.11899285714285715,-0.22666666666666668,,-0.086425,0.0
Hyderabad Recipes,26,2.8076923076923075,,,0.20467249999999998,,0.22020000000000003,0.14765,
Hygge Dining & Bar,17,3.7058823529411766,0.15595,,0.2693333333333333,,0.0,-0.4767,
I Cafe,43,2.7209302325581395,,0.2263,0.22668076923076924,0.2202,0.10606666666666666,0.3551,
I Love You Cafe,12,3.0,,,0.31346666666666667,,,,0.0
ICC Pudu,6,3.3333333333333335,,,0.0,,,,
IKAR 一家特式鱼头米 @ Nusa Bestari,20,3.2,0.5994,,0.4488666666666667,,0.0,0.2023,0.0
IKEA Restaurant,17,2.5294117647058822,,,0.159825,,,0.0,0.1468
INSTEA -PANTAI CHENANG,1,5.0,0.0,,0.0,,,,0.0
IPPUDO Bangsar Shopping Centre,3,2.6666666666666665,,-0.4404,-0.5423,-0.5423,,-0.33725,
IPPUDO Gardens Mall,18,3.5555555555555554,0.0,,0.2366375,,0.0,0.006408333333333331,
IT Roo Cafe,63,2.634920634920635,0.0,,0.10665092592592593,0.2202,0.06853333333333333,-0.10640625000000001,0.0
IT'S Tea & Coffee - Jonker Street,1,5.0,,,,,,,
IZ Burger (Temple Street),1,5.0,,,,,,,
IZAKAYA Japanese Restaurant,43,2.86046511627907,0.40948541666666666,,0.12835833333333332,,0.0,0.3783125,0.2202
Ichi Zen Japanese Restaurant,15,2.933333333333333,0.4404,,-0.05093333333333334,,0.0,-0.25756666666666667,0.0
"Ichiban Boshi, Pavillion KL",20,2.35,0.148,,0.04518472222222222,,-0.0674,0.16920666666666667,0.0
Ichiban Ramen,3,2.6666666666666665,,,0.071825,,,-0.4767,
Ichiyutei,1,5.0,,,,,,,
Ikan Bakar Fort Supai,1,3.0,,,0.0,,,,
Ikar,1,4.0,,,0.0,,,,
Iketeru,128,3.1796875,0.4359,,0.2242992537313433,0.0,0.05505,0.16866535087719298,0.07190555555555556
Iketeru Restaurant,206,4.135922330097087,0.38921730769230767,,0.32075849127769923,0.44040000000000007,0.07353000000000001,0.4026812280701754,0.089725
Il Bacaro,136,3.161764705882353,0.31603888888888887,,0.16017821562332799,0.17801999999999998,0.1140375,0.2947599206349206,0.07493333333333334
Image Cooker,2,3.0,,,-0.04026666666666667,,0.0,,
Imbi Market,4,3.75,,-0.4404,0.4404,0.0,0.0,,
Imperial Duck,74,2.581081081081081,,-0.5423,0.2580074074074074,,0.1591,-0.18844222222222223,0.0
Imperial Duck Restaurant,17,2.411764705882353,,,0.17415833333333333,,0.07220000000000001,-0.11686666666666667,0.21230000000000002
Imperial Restaurant,6,3.0,0.4215,,0.325575,,,0.005733333333333331,
In Colonial Restaurant,8,2.875,,,0.21765,,,-0.0072833333333333266,0.0
Indah House Kuching,41,4.2682926829268295,0.0,,0.3035152777777778,0.28812499999999996,0.0,0.46597272727272726,0.0
India Gate Restaurant - Puchong,53,3.547169811320755,0.41145000000000004,,0.2568153846153846,,0.0,0.3643809523809524,0.04404
Indian Kitchen,7,3.142857142857143,0.4215,,0.15134999999999998,,0.0,0.0,
Indian Kitchen Bukit Bintang,7,3.7142857142857144,,,0.11587,,0.4404,0.24695,
Indian Spices Village,6,3.0,,,0.04404,,,0.17020000000000002,
Indigo Restaurant @ The Blue Mansion,33,3.242424242424242,0.28135,,0.16723666666666667,,0.0,0.23021666666666665,0.31245
Indigo Restaurant at The Blue Mansion,28,3.9642857142857144,0.4215,,0.31822105263157896,0.409825,0.376425,0.2726352941176471,0.5719
IndoBowl,1,4.0,,,0.0,,,,
Indulgence Restaurant,49,2.836734693877551,0.15255,,0.22207438271604937,0.066025,0.0,0.1344,0.024466666666666668
Indulgence Restaurant & Living,52,2.230769230769231,0.134175,,0.028099074074074082,-0.2936,0.0,0.19184074074074076,0.0
Infinitea 茶狐,5,3.4,,,0.1468,,,,
Infusion,15,2.6666666666666665,0.4404,,0.26718000000000003,,0.2553,0.07094,0.0
Infusion Café | Restaurant,23,2.5217391304347827,0.0,,0.10964499999999999,,0.0,0.106525,
Ipoh Garden Gourmet Square,4,2.25,,,0.0,,0.0,,0.0
Ipoh Old Town Tart King,1,5.0,,,0.2294,,,,
"Ipoh Road Yong Tow Foo, Cairnhill Hotel",4,4.0,,,0.0,0.17020000000000002,0.0,0.4215,
Ipoh Tuck Kee,58,2.8448275862068964,0.0,,0.11626363636363637,0.09965,0.01414375,-0.1589,0.050166666666666665
Ipoh Tuck Kee Restaurant 德记炒粉专门店,342,2.497076023391813,0.0,-0.050949999999999995,0.097366,0.19063333333333332,-0.10038888888888889,-0.09188793103448276,0.011589473684210526
Isetan The Japan Store Lot 10,4,3.0,-0.5423,,0.0,,0.2202,,
Ishin Japanese Dining,362,3.596685082872928,0.36176363636363634,0.4404,0.24380398773006132,0.20207368421052632,-0.010002702702702702,0.345653125,0.051262499999999996
Island BBQ Steamboat,2,2.5,,,,,,,
IstanaSangkut Kitchen,1,1.0,,,-0.025474999999999998,,,0.0,
It Roo Cafe,158,2.930379746835443,0.2202,,0.16537824348607366,0.0,0.0,0.13136388888888892,0.04526
It's Allegra Cafe & Bakery,1,5.0,,,0.6249,,,,
Italia & Ribs Gastronomia,5,1.6,,,0.215475,,,0.2839904761904762,
Ivy's Nyonya Cuisine,49,3.326530612244898,0.0,0.0,0.1850894117647059,-0.05015000000000001,0.03918181818181818,0.1345,-0.016164285714285714
Iz Burger,1,4.0,,,,,,,
Izakaya Hanazen,23,3.6956521739130435,0.4404,,0.1442138888888889,,0.0734,0.27105238095238093,0.0
Izakaya Kuching,17,2.9411764705882355,0.4074625,,0.041479166666666664,0.28595,0.0,0.3503625,0.0
Izuyaki Restaurant Sdn Bhd,2,1.5,,,0.1591,,,,
"J Coffee, Tea & Life",1,1.0,0.0,,0.0,,,,
J&J Corner Portuguese Seafood,10,3.0,,,0.06674,0.0,0.0,0.46715,
J's Gate Dining,3,2.3333333333333335,,,0.0,0.0,0.4404,,
J. L. Gourmet Café,5,2.0,,,-0.2553,,,0.0,
J.H. Lovely Sweets (North Indian Vegetarian),31,3.3870967741935485,,,0.2503474358974359,,0.0,-0.1268,0.0
JDT Cafe,1,3.0,,,,,,,
JH Lovely Sweets Indian Vegetarian Food,12,3.6666666666666665,,,0.1263888888888889,,,-0.2294,0.0
JJ Corner,20,3.25,,0.0,0.23896666666666666,,,,0.0
JOM Coffee Restaurant,3,3.0,,,,,,0.4939,
JP teres,73,3.164383561643836,0.30311875,0.0,0.12814696969696968,-0.18076666666666666,-0.12356666666666666,0.167376,0.0
Jade Pot,6,2.5,,,0.28963333333333335,,0.0,,0.0
Jade Pot Tea House,14,3.4285714285714284,,,0.24418125000000002,,0.0,,0.0
Jai Hind,5,2.8,,,0.36819999999999997,,0.0,,0.0
Jake's Charbroil Steaks - Langkawi,30,3.566666666666667,,,0.4331466666666666,0.25306666666666666,0.0,0.18432962962962962,0.0
Jake's Charbroil Steaks-MEDAN DAMANSARA,6,3.1666666666666665,0.0,,0.0,,,0.0,
Jala Restaurant,81,3.7037037037037037,0.3402875,,0.23664897959183676,0.4939,0.0,0.4290859375,0.03934375
Jalan Alor,98,3.061224489795918,0.24834,,0.16285253333333333,0.21306000000000003,0.026483333333333334,-0.1366,0.0
Jalan Alor Malaysian Street Food Kitchen (KLIA),40,2.775,0.33030000000000004,-0.296,0.15901136363636365,0.0,0.0,0.0,0.0
James Brooke Bistro,312,2.8814102564102564,0.4085857142857143,-0.119175,0.1700568524416136,0.5078720588235294,0.1353923076923077,0.1298605654761905,0.07358846153846153
Jane's Place,1,5.0,,,,,,0.4939,
Japan Street (Food Court),5,2.4,0.4404,,0.0,,0.10115,0.4404,
Jarrod & Rawlins,18,2.7777777777777777,,,0.10076923076923078,,,-0.08397500000000002,0.0
Jatujak Bangkok Street Food,92,2.760869565217391,0.18684166666666666,-0.3182,0.15530985380116957,0.15172,0.14948571428571428,-0.00045833333333333837,-0.014409090909090911
Jawi House Cafe Gallery,166,3.5963855421686746,0.3257291666666667,0.20095,0.25194457364341083,-0.043579999999999994,0.166121875,0.3683797619047619,-0.017116666666666665
Jeff's Cellar,24,4.333333333333333,0.38414000000000004,,0.28496076923076924,,-0.4767,0.46100555555555556,0.0
Jeju KOREA BBQ Restaurant,43,2.8372093023255816,,-0.4767,0.23015833333333333,,0.21075,0.026814583333333336,0.0
Jeju Korea Bbq Restaurant,10,2.8,0.0,,0.36447,0.0,0.2936,0.46855,0.0
Jemari Restaurant,5,2.4,,,0.2023,0.0,0.0,-0.135575,0.0
Jia Le Yuan Seafood Restaurant,1,2.0,,,0.2202,,,,
Jibby & Co,50,2.84,0.404025,0.0,0.164990990990991,,0.15386666666666668,-0.011448749999999999,0.0
Jiki Food Court,1,5.0,,,0.4404,,,,
Jj Corner,1,4.0,,,,,,,
Jln Theatre Coffee,35,3.4571428571428573,0.41905,,0.29812954545454545,,0.1806,0.2088375,0.0
Joan & Chico's Portuguese Food Restaurant,4,3.0,,,0.20993333333333333,,0.0,,
John's Place,18,2.9444444444444446,0.21075,,0.156890625,,0.33131666666666665,0.09336,0.0
Johnny's Restaurant,7,2.7142857142857144,0.0,,-0.0034111111111111148,,,-0.27115,
Johor Bahru JB Restoran Sulam Best Kari Kepala Ikan & Best Asam Pedas Ikan Makanan Laut Best Restoran Taman Sentosa Midvalley @ Johor Bahru JB Restaurant Sulam Best Curry Fish Head & Best Asam Pedas Fish Best Seafood Taman Sentosa Midvalley,12,3.8333333333333335,,,0.3140075,-0.3612,,,0.0
Jojo Italian Restaurant,14,2.9285714285714284,,,0.24969375,,0.0,0.175095,0.6249
Joloko,13,3.4615384615384617,0.2202,,0.30927499999999997,,0.0,0.29371,0.0
Jom Masak Masak BBQ Steamboat Restaurant,1,5.0,,,,,,,
Jonker 86 QQ Ice,10,3.2,,,0.0,,,0.296,
Jonker Food Festival,1,5.0,,,,,,,
Joyride Corner,1,5.0,,,0.1101,,,,
Juat Siang Cafe,3,2.6666666666666665,,,-0.3089,,,,
Jubilee Restaurant,5,2.4,0.4939,,0.1101,,,0.0,0.0
Juice Works,5,3.8,,,,,,,
Julio's Restaurant,3,2.6666666666666665,,,0.0,,,0.4404,0.5719
Jungle Bird,3,3.3333333333333335,,,,,,0.0,
Junk Cafe,76,3.710526315789474,0.3255615384615385,-0.5267,0.34268511904761906,0.5719,0.31845,0.4999692307692308,
Just Fruits,2,3.5,,,0.4404,,,0.0,
Just Seafood,51,3.1372549019607843,0.4215,,0.18756866666666666,0.4019,0.027525,0.2895766666666667,0.0
Jyu Raku Japanese Restaurant,9,2.4444444444444446,,-0.0772,0.1195888888888889,,0.4404,0.3275666666666667,0.0
K Fry Urban Korean Holiday Villa,92,3.2717391304347827,0.21075,-0.4404,0.22383194444444443,,0.4404,0.36326538461538466,0.04033
K Fry Urban Korean Holiday Villa Johor Bahru,7,3.4285714285714284,-0.1779,,0.18005,0.6249,0.0,0.21384999999999998,0.0
K Ten Claypot Chicken Rice,49,2.5714285714285716,,,0.09543859649122806,,0.0,-0.05737500000000001,0.0
K10 Claypot Chicken Rice,9,2.7777777777777777,,,0.019733333333333332,,,0.0,0.0
KAMPUNG CARABAO 100% Authentic Thai Restaurant,78,2.448717948717949,0.20095,,0.1970470588235294,-0.11315,-0.1366,-0.2506037878787879,0.0
KANTIN at The Granary,14,3.642857142857143,0.42622499999999997,,0.21306000000000003,,0.3182,0.37293333333333334,0.0
KL Seafood Market,2,2.5,,,0.0,,,-0.5423,
KLCC Chili's Grill & Bar,94,2.6595744680851063,0.49560000000000004,,0.18879364583333333,0.5019,0.2202,0.29166600000000004,0.052075
KS Treasures Restaurant,24,3.9166666666666665,0.0,,0.1874772727272727,0.28595,0.0,0.3440071428571429,
KUEH FAH CAFE,14,2.7857142857142856,,,,,,0.29975,
Kacang Pool Haji,8,3.25,,,0.18881111111111112,0.0,-0.4767,0.0,0.0
Kafe Bawang Merah,2,2.5,,,0.5984,,0.0,-0.4939,0.0
Kafe Mary Take 1,2,5.0,0.0,,0.3546,,,0.4939,0.0
Kafe Ping Hooi,23,2.391304347826087,,-0.5423,0.1578,,0.0,,
Kafe Table Talk,1,1.0,,,,,,,
Kafe Uak,1,5.0,0.4404,,,,,,
Kafe Yoon Wah,18,2.888888888888889,,,0.2481925925925926,0.4404,0.0,-0.099475,
Kafe Yoon Wah 元华饮食阁雪花啤酒,122,2.3442622950819674,0.4215,,0.012810416666666664,0.101025,0.076775,-0.30505,0.0
Kafe Zun Seng Fatt,2,3.5,,,0.4404,,0.3182,,
Kage Sushi,34,2.735294117647059,,,0.27298666666666666,,0.1591,0.09003333333333334,0.0
Kage sushi,8,3.0,,,0.24931111111111112,0.47550000000000003,,0.546025,
Kai Xuan Chinese Restaurant,12,2.9166666666666665,,,0.1521857142857143,,0.0,0.5326500000000001,
Kaiju,8,3.25,0.347425,,0.27173055555555553,0.6249,0.4404,0.243,0.0
Kaki Lang Homes Kitchen 自家人私家菜,3,3.6666666666666665,-0.1779,,0.15863333333333332,,0.0,,0.0
Kalut Cafe And Bar,55,2.981818181818182,0.3355568181818182,,0.26046,0.527925,0.0,0.25324444444444444,0.0
Kam Long Curry Fish Head,29,3.0344827586206895,,,0.17908285714285713,,0.1101,0.215475,0.0
Kamimura Japanese Restaurant,2,4.0,,,0.6249,,,,
Kampachi EQ,41,2.6341463414634148,0.46715,,0.14858472222222222,,0.0,0.25641428571428576,0.0
Kampachi Pavilion,71,2.9577464788732395,0.2553,,0.2074517730496454,0.2202,0.06857142857142857,0.289818,0.0
Kampachi Pavilion KL,91,2.10989010989011,0.0029000000000000046,,0.17803379120879123,-0.050949999999999995,0.0367,-0.03131363636363637,0.0
Kampachi Plaza33,148,3.5472972972972974,0.40421785714285713,,0.29323538095238094,0.05106000000000001,0.07580909090909092,0.32057295081967213,0.20773461538461538
Kampung Baru Hawker Stalls,17,3.176470588235294,0.0,,0.18965909090909092,-0.12040000000000001,0.0,,
Kampung Carabao Authentic Thai Restaurant,23,2.5217391304347827,0.21075,,0.13559545454545455,,-0.4767,-0.12518333333333334,0.0
Kampung Terengganu,1,3.0,,,0.142975,,,,
Kannaa's Bamboo Masalla Briyani,113,2.831858407079646,,-0.4404,0.09935135135135136,0.058750000000000004,-0.01774,-0.09738157894736842,0.035124999999999997
Kannaas Banana Leaf Bamboo Briyani,2,3.0,,,0.0,,-0.148,0.210575,
Kannichikan Yakiniku Tanjung Tokong,13,3.230769230769231,,,0.24233749999999998,,,-0.43374999999999997,
Kapal Layar Langkawi,57,2.912280701754386,0.233025,,0.15985488095238096,0.20095,0.0,0.125,
Karnivormalaya,3,1.0,,,0.4404,,,0.4404,0.0
Kay Zac Malay Cafe,2,2.0,,,0.0,,,,
Kaya Kaya Cafe,107,2.850467289719626,0.3952787878787879,,0.16417310606060606,0.01846666666666667,0.0680625,0.19169294871794873,0.0
Kayra Authentic Kerala Cuisine,12,3.1666666666666665,0.0,,0.3614458333333333,,,0.29146,
Kayra Authentic Kerala Cuisine @Bangsar Village,72,3.111111111111111,0.527575,,0.2086354978354978,,0.0,0.24973333333333333,0.0
"Kayra Authentic Kerala Cuisine, Bangsar Village",11,3.090909090909091,0.4215,0.0,0.26920204081632654,0.0,,0.1718375,
Kayu Manis Seafood,4,2.25,0.296,,0.1101,0.0,,0.33113333333333334,
Kayuputi,54,3.888888888888889,0.3030888888888889,,0.2251715053763441,0.4743833333333334,0.2263,0.3143674603174603,0.0
Kebaya Dining Room,166,3.8734939759036147,0.3916239316239316,,0.28456206497552294,0.0,0.2783366666666666,0.2385671875,0.12736
Kechara Oasis Vegetarian Restaurant,58,3.3620689655172415,0.4404,,0.16939333333333334,-0.033966666666666666,-0.3178,0.15422857142857144,0.0
Kedai Bak Kut Teh Hin Hock,60,3.0833333333333335,,,0.1448164,0.04146666666666667,0.16556666666666667,0.2916875,0.0
Kedai Kopi & Makanan Soon Yen,3,3.0,,,0.5019,0.5106,,,
Kedai Kopi Kheng Juan Hin,1,5.0,,,,,,,
Kedai Kopi Lai Foong,101,3.227722772277228,0.059062500000000004,-0.4404,0.16244065217391304,0.0,0.31206666666666666,0.09755714285714287,0.0
Kedai Kopi Seng Thor,82,3.097560975609756,,,0.3059777777777778,,0.0,0.24695,0.0
Kedai Kopi dan Makanan Kum Chuan,2,3.0,,,0.4215,-0.2263,,,
Kedai Makan Jadi Baru Botak Asam Fish,65,3.2615384615384615,,0.4019,0.23991777777777779,0.0,-0.166125,0.2815533333333334,0.0
Kedai Makan Lidiana - Nasi Campur,53,3.5283018867924527,,0.4404,0.34524499999999997,,0.064525,0.0,
Kedai Makanan Canning Garden,1,1.0,,,,,,,0.0
Kedai Makanan Hook Sang,75,2.9066666666666667,,,0.13224259259259258,0.0,0.2817,-0.09559999999999999,0.0
Kedai Makanan Jadi Baru Botak,1,1.0,,,,,,,
Kedai Mamak Husin,2,3.0,,,0.0,,0.0,,
Kee Heong Bak Kut Teh,5,3.2,,,0.21075,,0.4404,0.14785,0.0
Keeper's Ground,45,2.8222222222222224,0.3327,,0.25096022408963586,0.0,0.0,0.023809375,
Kek Seng格成 (红豆雪),65,3.046153846153846,0.21075,,0.19626365079365077,0.2202,0.0,0.0,0.0
Ken's Kitchen,2,5.0,0.4215,,0.0,,,0.46715,
Keng Dom Restaurant,3,2.6666666666666665,,,0.33030000000000004,,,,
Kenny Rogers,7,1.8571428571428572,,,0.0,,,-0.011040000000000005,0.0
Kenny Rogers Roasters,21,1.8571428571428572,0.0,,-0.0624525,,,-0.0782590909090909,0.0
Kenny's,4,2.0,,,0.0,,,,
Ken’s Kitchen Kuching,47,3.127659574468085,0.1591,0.4019,0.2306413043478261,0.2202,0.17822500000000002,0.305015,0.0
Keong Kee Herbal Soup,1,3.0,,,0.0,,,,
Kerala Restaurant,3,2.0,0.0,,0.0,,,0.100475,
"Kerala Restaurant, Johor Bahru",90,2.5,,,0.14299848484848487,0.0,-0.08475,-0.12602916666666666,0.0
Kerisek & Koffie,1,3.0,,,,,,,
Khan's Indian Cuisine,17,3.9411764705882355,0.39954999999999996,,0.3641022727272727,,,0.3441214285714286,0.0
Khan's Islamic Restaurant,56,3.1964285714285716,0.4404,,0.2750736111111111,0.0,0.3488,0.1696,0.0
Khan's Taj Restaurant,35,3.0285714285714285,,,0.18201111111111112,0.4404,0.0,0.26322500000000004,0.0
Khan’s Indian Cuisine,421,3.218527315914489,0.4364848484848485,,0.24859647527910686,0.37005,-0.0015357142857142872,0.05033420138888889,0.032156818181818175
Kheng Pin Cafe,76,3.289473684210526,,,0.12035476190476191,-0.3612,0.0,0.10480000000000002,0.0
Ki Ki Taiwan Cuisine,4,3.75,,,0.0,,,,
Kikubari,4,2.5,0.4019,,0.13396666666666665,,0.0,0.4404,
Kim Cheong Food Restaurant,4,4.25,,,,0.0,0.0,0.4939,0.6249
Kim Cheong Restaurant,17,3.176470588235294,,,0.296305,0.4404,0.1468,-0.23835,
Kim Joo,15,3.1333333333333333,,,0.08877499999999999,,0.3182,0.43095,
Kim Joo 錦裕,35,3.6857142857142855,,,0.22524999999999998,0.4404,,0.41158333333333336,
Kimberley Street Duck Kway Chap,99,2.8686868686868685,,-0.296,0.20867906666666666,0.36819999999999997,-0.106,0.0,0.0
Kimdo BBQ,4,3.5,,,0.1679,,0.0,0.2202,0.0
Kimpo Famous Roasted,27,3.4814814814814814,0.13599999999999998,0.296,0.2765888888888889,0.0,0.0,-0.27115,
Kin Kong Bah Kut Teh,2,3.0,,,,,,,
King's Park,19,2.6315789473684212,,,0.09629333333333333,,0.10606666666666666,0.005733333333333331,
Kingdom Palace Restaurant,62,2.7096774193548385,0.14049999999999999,,0.19334400000000002,0.0,0.0,0.05679803921568629,0.2263
Kinme Sashimi & Grill Bar,5,3.6,0.4939,,0.14075,,0.21075,0.0,
Kinpachi Japanese Restaurant,8,3.375,0.4404,,0.08762738095238096,-0.16293333333333335,0.0,0.0,0.0
Kiran's Delight Restaurant,4,3.75,0.4215,,0.1101,,,0.4404,
Kisho Japanese Restaurant,5,1.6,,,-0.1912,,,,
Kisho Japanese restaurant 料亭 吉祥,6,3.0,,,0.09866666666666667,,,0.0,
Kitchen Iron Rice Bowl Sdn Bhd,2,5.0,,,0.1858,,,,0.0
Kitchen Iron Rice Bowl Sdn Bhd.,24,2.9166666666666665,0.40080000000000005,,0.34415999999999997,,,0.13066666666666668,
Kites Restaurant at Holiday Inn Kuala Lumpur Glenmarie,10,2.5,0.4215,,-0.07584285714285714,,0.0,0.20233333333333334,0.1366
Kittengi curry house,2,2.0,,,,,,,
Klang Curry House/Mom's Love,16,2.6875,,,0.0837,,0.0,-0.41237,0.0
Knife And Fork Restaurant,4,3.0,0.0,,0.0,,,0.5719,
Knife and Fork Restaurant,19,4.7368421052631575,0.0,,0.22234333333333334,,0.2202,0.39243333333333336,
Knowhere Bangsar,112,3.6339285714285716,0.44165625,,0.21056890243902437,0.2202,0.16667500000000002,0.3532913043478261,0.0734
Ko Hyang Korean Country Delight,1,5.0,0.0,,0.21075,,,0.5719,
KoRyo-Won,3,2.0,,,0.0,,,-0.1366,
Kobe Sushi Restaurant,1,3.0,,,,,,0.0,
Kodawari Menya Udon & Tempura,6,2.8333333333333335,0.0,,0.0,,0.0,0.4939,
Kogetsu Japanese Restaurant,8,2.25,0.4215,,0.06943333333333333,,0.0,0.11075555555555555,0.0
Koh Samui,10,2.9,,,0.13240625,,,-0.013800000000000007,0.0
Koh ~ Samui,17,2.5294117647058822,,,0.2635625,,0.0,0.16741666666666666,
Kok Hiong Chicken Rice,1,3.0,,,0.6369,,,,
Kolma Langkawi,2,5.0,,,0.5719,,,,
Koon Kee Wan Tan Mee,12,3.0,,,-0.011300000000000004,,0.5106,-0.49856666666666666,0.0
Koong Woh Tong,7,3.7142857142857144,,,0.11750833333333333,,0.0,,
Kopi O Corner,24,2.875,0.2202,,0.17226249999999999,-0.0903,0.0,0.03999285714285713,0.0
Kopi O' Corner,119,2.7563025210084033,0.17755,0.34895,0.15922234848484848,0.4404,0.05198499999999999,-0.019497916666666667,0.08356
Kopimeo,4,3.75,,,0.0,,,,0.0
Korea Heritage,11,2.4545454545454546,,,0.25833125,,0.0,,
Korea Heritage Restaurant,1,2.0,,,0.0,,,,0.0
Korean BBQ Nam Moon,58,2.4482758620689653,,,0.18603478260869566,,0.0,-0.2175398148148148,0.04404
Korean Restaurant Goong,35,2.657142857142857,,,0.17177142857142855,0.4404,-0.05008,-0.1647111111111111,
Korean Seoul Restaurant,15,4.8,,,0.4997357142857143,,0.0,0.494925,
Koreana,25,2.68,0.0,,0.19633653846153848,,0.0,-0.14184000000000002,
Koryowon Restaurant,8,2.5,,,-0.04026666666666667,,0.30696666666666667,-0.0353,0.0
Kota Dine & Coffee,57,3.56140350877193,0.29590625000000004,0.0,0.14754966666666666,,0.12498000000000001,0.22676176470588233,0.0
Kota Dine & Coffee - when Francis meets rempah,56,2.75,0.4893,,0.12253363636363636,0.0,0.11827999999999998,-0.04071818181818182,0.0
Koyaku Japanese Dining & Grill,7,3.2857142857142856,0.20095,,0.0,,0.0,-0.16623333333333334,
Krishna Curry House,3,2.0,,,0.07543333333333334,,0.0,-0.12315000000000001,0.0
Kristang Cafe,1,1.0,,,0.28595,,,,
Krung Thep Kuala Lumpur,4,4.5,0.0,,0.4019,,,0.4404,0.0
KrustyJcrab (Official),2,4.5,,,0.4404,,0.0,,
Ks Treasures Restaurant Sdn Bhd,1,3.0,,0.4019,0.0,,,0.2263,
Kuah Town Seafood,33,3.5757575757575757,,,0.28476538461538464,,0.10606666666666666,0.1809875,
Kuchabe,1,5.0,,,,,,,
Kuchabe 古早味 (Melaka),20,2.75,0.296,,0.18429583333333333,,0.0,-0.23835,
Kuching Beer Garden,4,3.0,0.4215,,0.35372499999999996,0.4404,,-0.01815,
Kuching Big Veggie 大蔬无界,26,3.0384615384615383,,,0.3330261904761905,,,-0.2939888888888889,
Kuching Style Restrautant,1,3.0,,,,,,,
Kuih Culture,56,2.125,0.4404,,-0.06544230769230769,,0.1468,0.094275,0.1101
Kuih Keria Antarabangsa,1,1.0,,,,,,,
Kulcats Barrio,12,2.5,,,0.39966666666666667,,,0.123475,
Kumi.,7,4.0,,,0.08297638888888888,0.0,,0.296,0.0
Kung Jung,7,3.2857142857142856,,,0.13297777777777778,0.0,,0.47606666666666664,0.0
Kungfu Noodle,1,1.0,,,,,,,
Kuriya Japanese Restaurant,11,3.090909090909091,,,0.21139999999999998,,0.0,0.156225,0.2202
KyoChon Pavillion,41,2.5121951219512195,0.1806,,0.11237852733686067,0.0,0.22223333333333337,-0.18558888888888891,0.0
Kyushigai,10,2.7,,,0.4215,,,0.2202,
L & L Seafood,5,3.8,,,,,0.0,,0.0
L Kitchen,40,3.325,,0.21075,0.26157553333333333,0.0,0.0,0.42850000000000005,0.0
L.C Vegetarian Food,4,4.25,0.4404,,0.2597,,,0.4404,
L.Cafe,1,3.0,,,0.4215,,,,
L.Table,1,5.0,0.4215,,0.4215,,,,
"L.table, Taman Pelangi",15,3.2666666666666666,0.4485,,0.37756666666666666,,,0.3035,
LAKSA CORNER Langkawi,3,3.6666666666666665,,,-0.5423,0.4404,,,
LAZY MONDAY,33,3.5757575757575757,0.2202,,0.1548320512820513,,0.0,0.0,-0.033716666666666666
LC Catering,6,3.1666666666666665,,,0.2608125,,,0.46715,0.0
LL Banana Leaf,4,2.0,,,0.12122777777777778,,,,
LUCE Osteria Contemporanea,18,3.388888888888889,0.2616,,0.2944333333333333,0.31245,0.0,0.326835,0.0
La Belle Saison,7,3.7142857142857144,0.0,,0.07214000000000001,0.0734,,0.24695,
La Boca Latino Bar,132,3.4696969696969697,0.3291588235294118,,0.275712816091954,0.0,0.2988,0.2733576923076923,0.06291428571428571
La Bodega Pavilion KL,47,2.6595744680851063,0.361,,0.1866575,0.1468,0.0,0.34730555555555553,0.12498000000000001
La Carne by Kopimeo,1,3.0,0.0,,0.215175,,,,
La Casa Restaurant & Patisserie,7,3.0,0.0,,0.0,,0.0,0.0,
La Cocina,22,2.590909090909091,0.2873,,0.11411,0.4404,,0.14921666666666666,0.0
La Juiceria Superfoods,6,3.8333333333333335,0.4577,,0.2427625,,,0.31070000000000003,
La Juiceria Superfoods Avenue K,2,2.0,,,0.354225,,,-0.5423,
La Mexicana,48,2.9166666666666665,0.4867666666666666,,0.09425681818181819,0.43394999999999995,0.33030000000000004,0.2697541666666667,0.062490000000000004
La Moon Thai Restaurant,3,2.6666666666666665,0.2553,,0.16047222222222224,,,0.0,
La Risata,25,2.6,0.34990000000000004,,0.030513333333333333,0.0,0.0,0.017722222222222226,0.0
La Risata - Damansara,46,2.6956521739130435,0.39165,,0.07674221340388006,-0.146875,0.18964999999999999,0.08990098039215685,-0.060200000000000004
La Risata Bar Pizzeria Ristorante (Damansara),113,2.6548672566371683,0.26816249999999997,,0.2821924597260663,-0.12646666666666667,0.0,-0.06887055555555555,-0.12967
La Sal at Casa Del Mar,199,3.4974874371859297,0.2867647058823529,,0.2573993669250646,0.4921407407407407,0.3257424242424242,0.33520226053639846,0.054794117647058826
La Suisse Restaurant,4,3.0,0.0,,0.364925,,,0.28595,
Lafite,24,2.9166666666666665,-0.1779,,0.2449861111111111,0.0,0.10606666666666666,0.10345595238095238,0.0
Lagenda Cafe,36,3.6666666666666665,0.45691458333333335,0.4019,0.2699385714285714,,0.027866666666666668,0.4062321428571428,0.0
Lagenda House & Cafe,96,3.6145833333333335,0.3587090909090909,0.16667500000000002,0.25461826241134755,0.0,0.2083,0.3865151111111111,0.0
Laguna Filipino Bar & Restaurant,31,3.3870967741935485,0.0,,0.10452539682539683,,0.29046666666666665,0.40203,0.31245
Lai Ching Yuen,11,2.4545454545454546,0.5674,,0.16776428571428573,,0.26335,0.03858999999999998,0.0
Lai Po Heen,165,3.006060606060606,0.3307033333333333,,0.16869764583333333,0.0,0.11002500000000001,0.19872824858757063,0.0
Laila Kebab House,16,1.8125,0.4215,,0.139275,0.5994,,-0.20273333333333332,0.0
Lakeview Cafe & Restaurant,1,1.0,,,0.0,0.0,,-0.4767,
Laksa Foody Goody,11,2.090909090909091,,,0.0,,0.0,,
Laksa Lolita,32,2.78125,,,0.0,-0.2263,0.0,0.4404,0.0
Laksa Power Airport,54,2.4814814814814814,0.36985,-0.050949999999999995,0.17466666666666666,0.2873,0.21075,0.0,0.6369
Laksa Sayang,1,3.0,,,,,0.0,,
Laksalicious,39,4.205128205128205,,,0.186195,0.2202,0.4256,0.5662153846153847,0.0
"Laman Grill steak n Bar B Que,",20,2.55,0.2812333333333334,,0.11987166666666667,0.4404,0.0,0.2245,0.0
Langkawi Chill Out Cafe Sedapbaq(Travel Agency & cafe),1,5.0,,,0.4215,,,0.4939,
Langkawi Creamery - Factory Outlet,2,1.0,,,,,,,
"Langkawi International Airport, Kedah.",87,2.9655172413793105,,-0.00849999999999998,0.0,0.24263333333333334,0.0,0.25095,0.0
Langkawi Kitchen,5,3.0,,,0.28595,,,0.31098333333333333,0.0
Lankan Cafe,72,2.8055555555555554,0.17576666666666665,,0.14624357142857142,,0.0,-0.10889249999999999,0.0
Lao Ma Zi 佬妈子家乡小菜@Lot 10 Kawasan Landskap & Nursery Tropicana Selatan,44,3.2954545454545454,0.5326500000000001,,0.3832525,0.016800000000000006,0.0,-0.26915,
Lao Qian Ice Cafe,4,3.5,0.4939,,0.0,,0.0,,
Lao Tee Kue Teow 大丰老弟,17,2.764705882352941,,,0.156225,,0.0,,0.0
Lao Yang,5,3.6,0.4215,,0.1101,,,0.0,
Lao Yang Dim Sum,65,3.123076923076923,0.42115,,0.21844166666666665,,0.074,0.1564125,0.0
Las Carretas,16,2.625,0.0,,0.15571666666666667,0.4215,0.2553,0.16610625,0.04933333333333333
Las Carretas Restaurant & Bar,23,2.869565217391304,0.2437625,,0.14699166666666666,0.0,-0.09225,0.32633999999999996,0.0
Lasan Denak Food Garden @ BDC,3,4.0,,,0.4215,,,,
Latest Recipe,111,3.684684684684685,0.3551,,0.2371105,0.0,0.0,0.27721782945736434,0.07038461538461539
"Latest Recipe, Le Méridien Kuala Lumpur",35,3.0,0.6249,,0.137527,,0.0,0.4519333333333333,0.0
Latitude 03,2,3.0,,,,,,,
Lau Ya Keng Food Court,15,3.533333333333333,,,0.07947142857142857,0.4404,0.4404,,
Lau Ya Keng Foodcourt 阳春台茶室,91,3.4175824175824174,0.5594,,0.28934375,,,,0.0
Laughing Lizard Cafe,2,5.0,,,,,,,
Lavender Cafe,26,2.6538461538461537,,,0.1678090909090909,,,0.0,0.0
Lavish,166,3.7048192771084336,0.408375,0.4019,0.3581192307692308,0.31245,0.03950714285714285,0.3835794871794872,0.0790375
Lavish Community,104,2.5576923076923075,0.40715,,0.15732727272727273,-0.1027,0.11315,0.015696666666666678,-0.060255555555555555
Layali El Sham Restaurant,4,3.25,,,0.24835,,,0.0,
Laypark Cafe & Restaurant,4,2.5,,,0.1897125,,,-0.4767,0.0
Le Chateau Miri,3,1.3333333333333333,,,0.10848749999999999,,0.0,0.22223333333333337,0.0
Le Gourmandin,2,2.5,0.0,,0.06011339285714286,,0.0,,
Le Parlour Cafe Studio,33,3.393939393939394,0.32084999999999997,-0.4404,0.20677619047619047,0.09759999999999999,0.0,0.22042,0.0
Le Petit Chef - Kuala Lumpur,81,3.654320987654321,0.43036666666666673,,0.1128325,,0.0,0.34757777777777776,0.21942083333333331
Le Petit Chef at ELEMENTS,41,2.1707317073170733,0.4588,,0.09227083333333333,0.0,0.0773625,0.16297999999999999,-0.09038333333333333
Le QUE,18,3.3333333333333335,0.0,,0.161425,,0.0,0.2929375,0.0
Le Shady Trinity Cafe,3,5.0,0.31245,,0.28595,,,,
LeQUE Steak & Smoked House,22,3.3636363636363638,0.5106,,0.083895,,0.1468,0.00739999999999999,0.0
Leaf & Co Cafe,22,3.1363636363636362,0.36529999999999996,,0.12582857142857143,,,0.21075,0.0
Leaf spring (dry) Bak Kut,1,4.0,,,,,,,
Lean & Lush,1,3.0,,,0.0,,0.0,,
Lebanon shawarma kebab langkawi cafe,17,3.411764705882353,,,0.06834,,0.0,0.16463333333333333,
Lee Wong Kee,1,2.0,,,0.0,,,,
Legend's Claypot Briyani House,11,3.0,,,0.419875,,0.0,0.07047999999999999,
Lehanis Cafe,3,3.3333333333333335,,,0.33113333333333334,,,,
Lemon Garden,143,3.076923076923077,0.3028476190476191,-0.148,0.12509277568922306,0.0,0.10605882352941176,0.176933125,0.0
Lemon Garden 2GO,4,3.5,,,0.21693333333333334,,0.5719,,
Lemon Garden Cafe,161,2.5652173913043477,0.267975,,0.10714557291666667,0.056575,0.07004065656565657,0.14598421052631577,-0.023555555555555552
Lemon Grass Cafe,8,3.375,,,0.3423,0.4404,,,
Leonardo's Dining Room & Wine Loft,12,3.1666666666666665,0.43095,,0.07955,0.0,,0.4366,0.0
Leonardo's Dining Room and Wine Loft,48,3.4166666666666665,0.3073055555555555,,0.2873032608695652,,0.0,0.04392,0.0
Leong Kee Tim Sum,40,2.6,,,0.17098333333333335,,0.09866666666666667,0.19355,0.0
Lepark Cafe,1,5.0,,,0.0,,,,
Lepau Restaurant,146,3.8013698630136985,0.34298425925925924,,0.2018802513227513,0.0,0.03905625,0.36028076923076924,-0.0198625
Let's Meat | American Restaurant | American Food | American Breakfast,54,3.7962962962962963,0.4577,,0.2615071428571429,0.1048,0.0,0.36805,0.0
Lets Go 52,1,3.0,,,0.0,,,,
Li Er Cafe 莉儿,31,3.129032258064516,0.4404,,0.16034285714285712,,0.11315,0.25276666666666664,0.0
Li Yen,16,3.0,,,0.37495,,0.14049999999999999,0.22534242424242423,
"Li Yen at The Ritz-Carlton, Kuala Lumpur",34,2.2058823529411766,0.21075,,0.1476265625,,-0.11051666666666667,0.054869047619047616,0.0
Lian June Cafe,11,3.090909090909091,,,0.1468,,0.3182,0.44789999999999996,
Life Cafe - Padungan,15,3.4,0.13419999999999999,,0.20322222222222222,0.0,,0.3596785714285714,0.2202
Life Cafe @ Train Terrace,2,3.5,,,0.28595,,,,
Life Cafe @ Train Terrace 人间茶坊之火车栈,41,2.6341463414634148,0.4215,,0.1744,,0.0,0.00022500000000000298,
Lilys Vegetarian Kitchen Sdn. Bhd.,65,3.1076923076923078,,,0.15578541666666665,0.4404,0.12091111111111112,-0.003357142857142868,0.0
Lim Curry Laksa,1,4.0,,,,,,,
Lim Ko Pi,88,3.1818181818181817,0.3319875,-0.27115,0.19942226666666665,0.19872500000000004,0.0,0.20690000000000003,0.0
Lim Tian Puan Restaurant,5,2.8,,,0.07646666666666667,,,-0.23835,
Lima.Tujoh Cafe,6,3.3333333333333335,0.5106,,0.2083,,,,
Limapulo Baba Can Cook,39,2.871794871794872,0.215475,,0.26156833333333335,0.10606666666666666,0.0593,0.18907727272727273,0.0
Limapulo: Baba Can Cook,85,2.9529411764705884,0.5147,,0.185021007751938,0.29295,0.25105,0.19378333333333334,0.09873272727272728
Limau Limau Cafe,15,2.6666666666666665,0.4215,,0.23736000000000002,,,0.15472999999999998,
Limbongan Hawker,1,5.0,,,,,0.0,0.4404,
LimeLight Rooftop Lounge,25,3.0,0.19791666666666666,,0.23190952380952382,0.46715,0.0,0.3418027777777778,
"Link Restaurant , Lower Ground , Hotel Pullman Bangsar ",27,2.888888888888889,0.0,,0.22393333333333332,0.0,,0.23580384615384617,0.0
Lisette's Café & Bakery,17,2.7058823529411766,0.3720666666666667,,0.07899166666666665,0.064,0.0,-0.135575,0.0
Little Carpenter,1,4.0,,,,,,,
Little Cuisine,4,3.25,,0.0,0.0,,,,
Little Elephant,133,2.8421052631578947,0.37479833333333334,0.0,0.12958214689265538,0.317,0.0,0.12585375000000001,0.0
Little Kitchen @ Nyonya,4,3.5,,,0.442175,,0.2263,,
Little Nyonya,1,3.0,,,0.0,,,,
Little Penang Cafe,105,2.980952380952381,0.00847500000000001,,0.09664840277777778,0.07628333333333333,0.0,-0.06591363636363635,0.0282875
Little Penang Kafe,28,2.892857142857143,,,0.21698452380952382,,0.16576,0.1468,0.0
Little Penang Kafé - KLCC,71,2.380281690140845,0.4019,,0.16384861111111113,,0.0,-0.030691666666666673,0.0
Little Rara Thai Noodle House,3,3.3333333333333335,,,0.4404,,,,-0.09866666666666667
Little Roast Co.,1,3.0,,,,,,,
Little Roast Co. Cafe,13,3.6923076923076925,,,0.33762,,,,0.31845
Living Room,7,1.7142857142857142,,,0.2202,,,,
Living Room Cafe Bar & Gallery,197,3.6091370558375635,0.3253014285714286,,0.26596832020997374,0.0,0.41713055555555556,0.42614861111111113,0.039276923076923084
Living Room Cafe Bar Gallery,33,3.3333333333333335,0.0,,0.3583694444444444,0.4215,0.4404,0.40359999999999996,0.0
Lobby Lounge at Renaissance Kuala Lumpur Hotel,3,3.0,0.0,,,,,,
Lobby Lounge at Shangri-La Hotel,10,2.9,0.6249,,0.2202,,0.0,-0.02238,
LobsterCrab & Burger (Krusty J Crab),2,1.5,,,0.0,,,,
Loco Mexican Bar and Restaurant,39,3.1025641025641026,0.4341,,0.18782590909090907,0.21075,0.0,0.366975,
Loco bar and restaurant,31,3.193548387096774,0.11372499999999999,,0.02334375,,0.07019,0.342515,0.1366
Lok Thian Restaurant,5,2.2,,,0.13813333333333333,,0.3818,,0.0
Lotus Cafe,13,3.1538461538461537,,,0.0,,,,
Lou Wong Bean Sprout Chicken,211,2.5971563981042656,,-0.2722333333333333,0.09232333333333334,0.006413333333333332,-0.004209090909090909,-0.08757234042553191,0.0
Lounge In The Sky Malaysia,6,3.8333333333333335,,,0.2202,,0.2263,,0.6249
Lounge on the Park,19,3.0526315789473686,0.5328999999999999,,0.0781125,0.1101,,0.1799888888888889,0.6249
Love Hong Kong Restaurant,1,3.0,,,0.1147,,0.0,0.4215,
Loving Cafe Seri Petaling,3,3.0,,,0.0,,,0.0,0.0
Low Yong Moh Restaurant,182,2.5824175824175826,0.31245,,0.1061457264957265,0.14049999999999999,0.07083846153846154,0.09743166666666667,0.0
Lu Yeh Yen,7,2.5714285714285716,,,0.248,0.0,0.0261,,
Luce Osteria Contemporanea,59,3.288135593220339,0.3391,,0.2573902702702703,0.35125,-0.021574999999999983,0.14012291666666668,0.0
Lucky Tora,7,3.4285714285714284,0.6249,,0.2640333333333333,0.0,,0.25753333333333334,0.0
Luh Yu Yen,7,2.2857142857142856,,,-0.0677875,,0.0,0.10550000000000001,
Luk Yu Tea House,32,2.9375,0.296,,0.17894305555555556,0.3334333333333333,0.12728,0.09124666666666667,0.0
Lung Ann Refreshments,4,2.25,,,0.10115,,,,
M Signature Restaurant,1,2.0,,,0.0,,,0.0,0.0
M2 Cafe,4,3.0,0.6249,0.4019,0.05761666666666666,,0.0,0.6249,0.0
M2 Cafe.,25,3.0,0.5258666666666666,,0.1959357142857143,,,-0.171,0.0
M3 Food Court,3,2.6666666666666665,,,,,,,
MARCO Creative Cuisine,57,3.473684210526316,0.363175,,0.27723657852564104,,0.09786666666666667,0.2565675,0.0
MAYHIANG SEAFOOD RESTAURANT,34,2.264705882352941,,,0.040959375000000006,,0.2936,0.5386500000000001,0.0
"MO Bar at Mandarin Oriental, Kuala Lumpur",4,3.75,0.4404,,,,,0.3655625,
MTR,84,3.0595238095238093,0.4404,0.07220000000000001,0.1602519379844961,,0.0,0.06092894736842105,0.0
MY French Factory,124,3.838709677419355,0.0,,0.2848408333333333,0.0,0.10212000000000002,0.43490694444444444,0.03232857142857143
MYTH Eatery and  Bar,13,2.1538461538461537,0.5353749999999999,,0.013293,,0.0,0.21075,
MaMa Taste Café,27,2.814814814814815,0.0,,0.06471071428571429,,0.0,0.4404,0.0
MacGregor's,49,3.061224489795918,0.285725,,0.1537375,,,0.12188333333333334,0.09878
Macgregor's,1,2.0,,,,,,,
Mad Ramen Bar,28,2.892857142857143,,,0.12105833333333334,,,0.4215,0.0
Mad160,2,3.0,0.4215,,,0.0,,0.4404,
Madam Kwan's Empire Shopping Gallery,41,2.3658536585365852,0.1468,,0.02490265151515152,0.0,,0.01730769230769231,0.027525
Madam Kwan's KLCC,437,2.940503432494279,0.20741666666666667,,0.15624431611853376,0.20246,0.1158,0.06776270685579197,0.015241463414634147
Madam Kwan's Suria KLCC,113,2.5132743362831858,0.40248,,0.19365708764665285,0.0,0.03232857142857143,-0.062236752136752144,0.02285142857142857
Madam Kwan’s,84,2.7142857142857144,0.21075,,0.10364635416666668,,0.21294814814814814,-0.025565384615384615,0.0
Madam Tang's Café,12,2.6666666666666665,0.527925,,0.215325,,0.0,0.2081,0.0
Madam Tang's Stall,5,3.8,,,0.13396666666666665,,,,0.0
Madeleine Cafe,1,5.0,,,,0.0,,,
Madeleine Cafe @Green Heights,15,2.2,0.0,,0.2202,,0.4404,-0.5005499999999999,
Madli's,107,2.532710280373832,0.056575,,0.1463653431372549,0.10705,0.0,-0.026840350877192984,0.0
Magenta Restaurant,38,2.526315789473684,0.41152500000000003,,0.087753125,0.6249,0.08808,0.06357083333333334,
Magna Carta Cafe,12,2.6666666666666665,,,0.11111666666666668,,0.14049999999999999,-0.46775,0.0
Maharaja Restaurant,67,2.3582089552238807,0.4404,,0.11223333333333334,0.5719,-0.05293333333333333,-0.11806666666666667,
Maharani Chicken Rice,1,4.0,,,,,,,
Mai Bar,24,2.5416666666666665,0.0,,0.0,0.2202,,-0.13794,
Maiale Japanese Style Italian Restaurant,26,3.5,0.385075,,0.317124,,0.6124,-0.13755,-0.18076666666666666
Maison Francaise,42,2.9523809523809526,0.18116666666666667,,0.09451910714285715,0.3708214285714286,0.108525,0.07903039215686275,0.0
Maju Palace,8,3.25,,,0.16515000000000002,-0.3612,0.0,0.12044999999999999,
Makan Kitchen,29,2.896551724137931,0.4246666666666667,,0.08528863636363636,,,0.233575,0.0
Makan Kitchen at DoubleTree by Hilton Johor Bahru,98,3.510204081632653,0.35845,,0.18645197278911566,0.0,0.11587142857142858,0.32084375,0.09786666666666667
Makan Mana Ikan Bakar,23,3.4347826086956523,,,0.08170166666666667,,0.33335000000000004,0.048146666666666664,0.0
Makino Kochi Ramen Bar,37,4.1891891891891895,,,0.24440729166666667,,0.1468,-0.050949999999999995,0.0796125
Malabar Palace Bukit Bintang,2,2.0,,,0.10606666666666666,,,-0.5423,0.0
Malabar Palace Sri Hartamas,71,3.0422535211267605,0.41974999999999996,0.02260000000000001,0.23032148979591835,,0.240225,0.08746923076923076,0.156225
Malai Thai Cuisine,27,3.740740740740741,,,0.29811909090909094,0.0,0.0,0.4492566666666667,0.0
Malai Thai Cuisine @ Cormar Suites,83,3.5180722891566263,0.42779999999999996,,0.1586307142857143,0.26403333333333334,0.0,0.32294,
Malaysia Boleh,10,2.7,,,0.182325,0.0,0.0,,
Mallikas Restaurant,4,3.25,,,-0.27115,,,,
Malones,7,2.7142857142857144,,,-0.0369,,0.0,0.156225,0.0
Mama Kim Sauna Mee,1,3.0,,,0.0,,,,
Mama Taste,10,3.5,0.4215,,0.3379857142857143,,0.0,0.17686249999999998,0.0
Mamasan,3,3.6666666666666665,,,0.5492999999999999,,,0.047599999999999976,
Mamee Cafe,4,3.25,,,-0.5423,,0.0,0.0,0.0
Mamee Jonker House,130,2.8923076923076922,0.32645,,0.09035806451612903,0.0,0.1101,0.0024222222222222266,0.14245151515151513
Man Tao Bar,3,3.0,,,,,,,
Mandarin Grill,78,3.3333333333333335,0.28965,,0.18399563492063492,0.5232,0.255575,0.25023055555555557,0.0
Mandarin Oriental Authentic Chicken Rice,7,2.7142857142857144,,,0.4155,,,0.4019,
Mangiare 21,1,2.0,,,0.5106,,,,
Mango Float Royale,1,3.0,,,,,,,
Mango Tree,12,2.25,,,0.23916666666666667,,,0.0,
Mango Tree Bistro,3,2.3333333333333335,,,0.0,,,0.0,
Mango tree bistro,1,2.0,,,,,,-0.4767,
Mangoes,76,4.052631578947368,0.2652791666666667,,0.29155416666666667,0.5859,0.348575,0.3922761904761905,0.048933333333333336
Mangoes Bar & Grill,32,3.4375,0.38064,,0.24425625,0.0,0.5386500000000001,0.370425,
Mangotree Bistro Kuching,2,3.0,,,0.2202,,0.0,,0.5859
Manhattan Fish Market,9,2.2222222222222223,0.4404,,0.26632500000000003,,,0.1468,
Manis J Nyonya,33,3.3636363636363638,0.0,,0.17632680672268908,-0.3612,0.0,0.25668030303030304,0.0
Manis J Nyonya Restaurant,61,3.081967213114754,0.3710875,,0.24139832251082252,,-0.04515,0.4338711111111111,0.0
Manja,76,3.8947368421052633,0.372375,,0.26320517730496457,0.0770875,0.2936,0.28502272727272726,0.05446666666666666
Manja Old Malaya,65,3.5384615384615383,0.23581666666666665,,0.1833467857142857,0.5859,0.045533333333333335,0.3487555555555556,0.0
Mansion Tea Stall,2,4.5,,,,0.0,,,
Maple Palace Chinese Restaurant,61,3.2459016393442623,0.3232125,,0.2687839285714286,,0.21230000000000002,0.4025318181818182,0.0
Marble 8,44,2.75,0.06472272727272727,,0.18698731884057973,0.41690000000000005,0.0,0.24817352941176468,0.0
March Azalea Kitchen,65,3.3384615384615386,0.4323,,0.22528180555555555,,0.1101,0.11649818181818182,0.0
Marco Polo Restaurant,21,2.9047619047619047,0.43095,,0.09856136363636364,0.0,0.0,0.2108818181818182,0.0
Marhaba Restaurant - Mandi and Madfoon,8,2.75,,,0.45453750000000004,0.4404,,0.290925,
Mari Ristorante & Bar,2,5.0,0.5994,,0.44040000000000007,,,0.4939,
Maria Kek Lapis,4,4.0,,,0.6249,,,,
Maria Kek Lapis Sarawak,4,3.25,,,,,,0.6249,
Maria's SteakCafe Damansara Perdana,50,2.7,0.357225,,0.29020448717948716,-0.007999999999999998,0.1468,0.2295923076923077,0.0
Marianis Italian Restaurant,5,3.0,,,0.15653,,0.0,0.46045,
Marianis@7,31,2.838709677419355,0.15639999999999998,,0.2472090909090909,-0.043149999999999966,0.4215,0.01652,
Marina Seafood Restaurant,36,2.6666666666666665,-0.3412,,0.0341625,,0.0,0.385075,-0.03423333333333333
Marine kitchen,1,1.0,,,,,0.2263,,
Marini's on 57,237,3.0042194092827006,0.38447258064516127,,0.187936,0.3382566666666667,-0.010839999999999999,0.16766412393162392,0.11468571428571428
Marini’s on 57,117,3.1196581196581197,0.17100588235294117,,0.179088,0.24740666666666664,0.10606666666666666,0.052375,0.0
Marmalade Cafe & Boutique,7,3.5714285714285716,,,0.125,,,0.23835,0.0
Marrybrown,1,3.0,,,0.0,,,,0.0
Marta's Kitchen @ Hartamas,159,3.056603773584906,0.3135578947368421,,0.25516236607142856,-0.056575,0.023500000000000004,0.18003962962962963,-0.016164285714285714
Marta's Kitchen Paella Tapas,30,2.933333333333333,0.4404,-0.4767,0.15307916666666668,0.146475,0.3182,0.14399090909090909,0.0
Maruhi Sakaba,51,3.5294117647058822,0.43095,,0.2268948888888889,0.4404,,0.149775,0.0
Masa-Ria Seafood Restaurant,7,3.857142857142857,,,0.5719,,0.0,0.43095,
Masa-Ria 家樂时,2,2.5,,,,,,,
Masala Wheels,80,2.575,,,0.2178661217948718,0.2202,0.074,0.08966875,0.0
Masjid India Hawker Court,7,2.857142857142857,,,-0.2202,0.4404,,0.6249,
Mat Corner,1,3.0,,,,,,,
Mat Corner Nasi Ambang,52,3.3846153846153846,,,0.21052962962962962,,0.0,0.1468,0.0
Mat Periuk Cafe,2,3.0,,,0.0,,,,
McDonald's,9,2.2222222222222223,,,0.0,,,,0.0
Me'nate Steak Hub,1,4.0,,,,,,0.4404,
Meat The Porkers,19,3.1052631578947367,0.4767,-0.5423,0.17820384615384616,,0.5326500000000001,0.46715,0.0
Meat Up Cafe,3,3.3333333333333335,,,0.0734,0.2553,0.0,,
Medan Selera Bungaraya,5,2.8,,,0.2202,,0.56775,,0.0
Medan Selera Sungai Chat,1,2.0,,,,,,,
Medan Selera Tepian Tebrau,151,3.033112582781457,,0.0,0.3087938095238095,-0.0941142857142857,0.022766666666666668,-0.31632499999999997,0.0
Mee Besen,3,2.0,,,-0.5423,,,-0.5423,0.0
Mee Jawa Pulau Melayu,55,2.327272727272727,,-0.373925,0.2128,,0.0,-0.1990962962962963,0.0
Mee Kolok Pak Salleh,1,5.0,,,,,,,
Mee Sup Tengkera,1,3.0,,,,,,,
Mee Tarik Warisan Asli Shah Alam,6,3.3333333333333335,,,0.13536666666666666,,,,
Meet and Meat,1,2.0,,,0.0,,,,
Mei Keng Fatt Seafood Restaurant,36,2.8333333333333335,0.4404,0.0,0.15284927536231885,,0.08808,0.343675,0.0
Mei Lin,1,5.0,,,,,,,
Mei San Restaurant @Grand Margarita,3,1.0,0.0,,,,,-0.4767,
Mei Zhong Yuan,1,3.0,0.0,,,,,,
Mei by Fat Spoon,6,3.6666666666666665,,,0.128355,,0.0,0.2263,
Meisan Restaurant,2,3.0,0.2023,,0.2916666666666667,,,,
Melaka Nyonya Village,6,2.0,,,0.05641666666666667,,0.0,0.5719,
Melting Pot Cafe,33,2.878787878787879,0.1468,,0.09760833333333334,0.0,0.0,0.30785,0.0
"Melting Pot Cafe, Concorde Hotel",25,3.0,,,0.068425,,,-0.3875,0.0
Melting Pot Café,6,4.166666666666667,0.0,,0.1101,0.0,0.0,,
Meng Chai Seafood,64,2.71875,0.0,-0.4767,0.16182314814814813,0.0,0.18051666666666666,-0.1461712962962963,0.0
Meng Kee Char Siew King,8,3.625,,,0.17020000000000002,,0.10115,0.10606666666666666,
Meng Meng Roasted Duck,9,3.5555555555555554,,,0.3210111111111111,,,0.056575,
Menya Hanabi,1,3.0,,,0.0,,,,
Menya Shi-Shi Do,66,3.303030303030303,,,0.16470498866213154,,0.0558,0.21091111111111113,0.014607142857142855
Merah Kitchen & Bar,25,3.36,0.5326500000000001,,0.3053075,0.0,0.07543333333333334,0.21063333333333334,0.0
Mercat Barcelona Gastrobar,6,3.6666666666666665,,,0.40237,0.0,0.0,0.0,-0.2263
Mercat Barcelona Gastrobar (1MontKiara),54,3.1481481481481484,0.31351,,0.27722767857142855,-0.3412,,0.17537,0.4404
Merryland Vegetarian Health Food Restaurant,1,4.0,,,0.5719,,,,
Meru Valley Resort,3,2.6666666666666665,,,0.2948,,,0.4404,
Metal Box Restaurant & Cafe,21,2.9523809523809526,0.4215,,0.23775000000000002,0.21075,0.0,0.4215,0.0
Mews Cafe,162,3.6481481481481484,0.3744791666666667,,0.23404098639455784,0.3178055555555555,0.010427272727272724,0.34069415204678366,0.17324444444444445
Mexicano House,3,2.3333333333333335,,,0.13316250000000002,,,0.4939,
Mezze Bistro,10,3.1,0.2083,,0.15269047619047618,0.11315,,0.02476666666666666,0.0
Mi Sapi / Mi Kolok Haji Salleh @ Sepinang Sari,52,3.3076923076923075,,,0.2733777777777778,0.0,0.0,0.0,0.0
Miami Cafe Beachfront,23,3.391304347826087,0.4215,,0.31882142857142853,0.6164000000000001,0.0,0.0,
Mich'sology,1,5.0,0.4215,,0.20095,,,,
MichelangelO's Pizzeria,136,2.948529411764706,0.16411574074074073,,0.3078521446078431,0.4404,0.1101,0.08187826086956522,0.033716666666666666
Michelangelo's Pizzeria,5,3.0,,,0.2388375,,,0.4939,
Michelangelo's Restaurant & Bar @ Pavilion KL,75,2.8666666666666667,0.43610000000000004,,0.2453931034482759,0.51315,0.159225,0.13437380952380953,0.0
Michelangelo’s Restaurant @ Pavilion Kuala Lumpur,81,2.888888888888889,0.13856428571428572,,0.1281468253968254,0.0781125,0.06485,0.11340341880341881,-0.003667857142857143
Michelangelo’s Restaurant @ Solaris Mont’ Kiara,3,2.6666666666666665,,0.0,0.0,,0.0,0.0,0.0
Mighty Monster,4,3.5,0.2997,,,,,-0.6249,
Mighty Monster IPC,37,2.7837837837837838,0.14483333333333334,,0.12299117063492064,,0.0,0.34975,0.0
Mike's Smokehouse,17,3.6470588235294117,0.6249,,0.33814,,0.0,,0.4767
Mike's smokehouse,7,2.857142857142857,,,-0.05735,,,0.4939,0.0
Miker Food,247,2.8097165991902835,0.3151888888888889,-0.4404,0.18250766666666668,0.27072,0.08808,0.00560858585858586,-0.006554285714285714
Mikey's Original New York Pizza,35,3.057142857142857,0.37170000000000003,,0.14201276190476192,0.1101,0.044475,0.36845185185185186,0.0
Milan Italian Restaurant,1,2.0,,,-0.064,,,0.0,
Miller's Kitchen Restaurant,36,2.9166666666666665,0.44432499999999997,,0.24805602240896357,,0.11126249999999999,0.0311,0.2202
Millers Kitchen Restaurant,9,4.444444444444445,0.20095,,0.37148,,,,0.0
Milligram - Coffee & Eatery,78,3.1538461538461537,0.25165714285714286,,0.28883888888888887,-0.1027,0.47550000000000003,-0.2233,0.037587499999999996
Min Feng Hao,12,3.1666666666666665,,,0.3859666666666666,,,-0.23835,
Min Hong Kee,49,3.142857142857143,,,0.1270888888888889,,0.521625,,0.0
Minah Restaurant,73,3.219178082191781,0.4019,,0.24081733333333333,,0.25095,0.4404,0.0
Ming Ang Confectionery,1,3.0,,,0.0,,,,
Ming Cafe,191,3.1256544502617802,0.36315263157894734,-0.4404,0.17341599281221923,0.31245,0.29053636363636365,0.1716034482758621,0.3568
Ming Court Hong Kong Dim Sum 明阁香港点心,370,2.754054054054054,,,0.1742024096385542,-0.05135,0.015186206896551724,-0.10717499999999999,0.021493913043478263
Ming Court Hong Kong Tim Sum,118,2.983050847457627,0.2010125,,0.21223714285714287,0.0,0.06775384615384615,0.02753866666666667,0.0
Ming Sate Hut,1,3.0,,,,,0.0,,
Ming Xin Coffee House,11,2.4545454545454546,0.6249,,-0.060566666666666664,,0.2263,-0.1641375,0.0
Mingle Cafe,13,2.4615384615384617,0.46855,,0.24485,0.0,0.0,-0.027985714285714287,
Minoru,4,3.0,,,0.14205,,,0.4939,
Minoru Japanese Restaurant,20,2.55,0.4215,,0.10576666666666668,,0.0,0.13453333333333334,0.0
Mio AmoRe,1,2.0,,,,,,-0.4767,
Miraku G Kelawai,37,2.324324324324324,0.0,,0.054005000000000004,,0.0,0.19365757575757578,0.0
Miri Central Market,113,2.938053097345133,,0.0,0.21002941176470588,,0.08808,0.31835,
Miri Marriott Resort & Spa,2,3.0,,,0.0,,,,
Miri Taiwan Restaurant,3,1.6666666666666667,-0.5423,,0.0,,-0.0446,0.6369,
Mirup,5,4.0,,,0.4215,,,,
Mirup by Hogs and Such,1,2.0,,,,,,,
Mish Mash,53,3.69811320754717,0.4215,,0.5895666666666667,,0.0,0.3359857142857143,0.0
Mishuji Japanese,1,3.0,,,0.5106,,,,0.0
Miss Ellie Tea House,11,4.090909090909091,0.1366,,0.22699333333333332,,-0.1806,0.35705,0.0
Mitasu Restaurant,22,2.8636363636363638,0.0,,0.19952272727272727,0.0,0.21335,-0.020720000000000006,0.156225
Mittsu-Hoiru Japanese Restaurant,2,2.0,,,0.36005,,,,0.0
Mittsu-Hoiru Restaurant,2,2.0,,,,,,,
Miyabi,46,4.239130434782608,0.4389222222222222,,0.26430750000000003,,0.4404,0.3413686274509804,0.0
Miyabi @ Sheraton PJ,12,2.6666666666666665,,,0.011315,,0.1591,0.005919999999999992,
Mo-Mo Paradise,7,5.0,,,0.203725,,,0.47113333333333335,0.6249
Modern World Restaurant,3,2.0,,,0.0,,,,
Moghul Mahal Restaurant,13,2.6923076923076925,0.6249,,0.08765,,,-0.0385,0.0
Moh Teng Pheow Nyonya Koay,80,2.7625,0.28099999999999997,,0.14829187500000002,,-0.06810000000000001,-0.13693333333333332,0.0
Mohd Yaseen Nasi Kandar,11,3.090909090909091,,,0.14402777777777778,,0.5859,0.24695,0.0843
Mohd.Yaseem Nasi Kandar Restaurant,156,2.8461538461538463,0.2263,-0.1589,0.14330476190476188,0.0,0.10047857142857143,0.031578431372549016,0.08826923076923077
Mojo Restaurant & Bar KL,17,2.7058823529411766,0.21075,,0.11890909090909091,,0.0,0.33357037037037035,
Mok Mok,1,5.0,,,,,,0.4939,
Mok Mok Brunch & Bistro,51,3.196078431372549,0.35744242424242423,,0.1719236111111111,,0.4404,0.2544458333333333,0.0
Molten Chocolate Cafe,3,4.0,,,,,,0.296,
Molten Chocolate Cafe Dataran Pahlawan,42,3.0952380952380953,,,0.301215,,0.0,0.15571666666666667,0.0
Mom's Laksa Kopitiam,124,2.588709677419355,,-0.5423,0.22721923076923078,,0.0,-0.18462499999999998,0.0
Moms Laksa,16,2.625,,,0.13153749999999997,0.0,0.2202,0.26561666666666667,0.0
Monaco Dining Restaurant,6,4.5,0.0,,0.04765833333333333,,,0.4215,
Monaliza Café,3,3.3333333333333335,,,0.48015,,,0.08305000000000001,
Monkey On Stage,12,3.3333333333333335,0.4404,,0.2729642857142857,,,0.4404,0.0
Monnalisa Italian Restaurant,34,3.4705882352941178,0.3727,,0.1817536231884058,0.5719,,0.3627222222222222,0.0
Monnalisa Ristorante Italiano,17,3.3529411764705883,0.32084999999999997,,0.189006,-0.4588,0.20413333333333336,0.40005,0.0
Monterios Portuguese Seafood Restaurant,12,3.5,0.34252499999999997,,0.20488222222222224,-0.4404,0.6249,0.0660375,0.2294
Monterios Portuguese Seafood Stall,30,2.8,,,0.17381249999999998,0.0,0.0,-0.06149,0.0
Moobaan Thai Food,1,2.0,,,,,,,0.0
Moonlight Cake House,5,3.2,,,0.4404,,0.4404,0.4404,
Moonlight Cake House (Sutera Utama),55,2.8,,,0.343645,0.4404,0.4404,0.23205,
Moonlight Cake House Sutera Utama,3,2.3333333333333335,0.4215,,0.207075,,0.0,,
Mor Sang Kor,3,3.0,,,0.4404,,,,
Morel,8,4.25,0.4215,,0.41574,,0.17020000000000002,0.4519333333333333,
Morel Restaurant,32,3.21875,0.0,,0.25313846153846153,,0.0,0.3698625,0.0
Morganfield's,49,2.4285714285714284,0.0,,0.08123509070294785,0.0,0.3326,0.04019999999999999,0.020971428571428575
Morganfields,3,3.3333333333333335,0.4215,,0.0,,,0.4939,0.6249
Mori Vegetarian Tea House,25,4.28,0.32363125000000004,,0.3300869047619047,,0.148,0.1924142857142857,0.0
Mori Vegetarian Tea House and Residence,47,3.1702127659574466,0.2873,,0.15797666666666668,0.0797,0.142975,0.20431666666666667,0.0
Motowners Cafe,14,3.0714285714285716,0.6249,,0.2202,,,,
Mount Austin One Two Eat Cafe,87,2.7586206896551726,0.1909,,0.17641612903225806,0.4033,0.08808,-0.12591000000000002,0.0
Movida Hatten Square Malacca,1,1.0,,,0.4404,,,-0.4767,
Mozer's,15,3.2,0.5232,,0.169055,,0.0,0.32254,
Mr Fish Seafood Noodle Atria Shopping Gallery,9,2.7777777777777777,,,0.3429333333333333,,0.0,0.0,0.0
Mr Ho Fine Food,11,1.8181818181818181,0.215475,,0.1101,,-0.4767,0.46715,0.0
Mr Naan & Mrs Idly,12,3.1666666666666665,0.430775,,0.12836875,,,0.28595,0.0
Mr Tuk Tuk,5,2.8,,,0.3051166666666667,,0.0,0.4939,0.0
Mr. & Ms. Cafe,12,2.5,,,0.26166,,-0.24695,0.16208333333333333,
Mr. Dakgalbi,20,2.95,0.1468,,0.1943388888888889,,0.2936,0.08235714285714286,0.0
Mr. Shawerma,63,3.7301587301587302,0.2202,,0.27950314814814814,0.0,0.16811428571428572,0.20828777777777777,0.0
Mr. Steak House,9,2.4444444444444446,0.5232,,0.12852190476190475,,0.0,-0.24911666666666665,
Muar Restaurant,17,3.588235294117647,,,0.2256237012987013,0.2202,0.2202,0.4404,
Muar Station,2,3.0,,-0.2559,,0.0,,-0.061575000000000005,
Mukmin Jaya Seafood,2,3.0,,,0.05735,,,0.0,
Mumbai Palace Restaurant القصر,98,2.6530612244897958,0.14376666666666668,,0.088576432748538,,0.04404,0.11983750000000001,0.105375
Mummy Patz Dayak Café,13,3.0,,,0.36493000000000003,,0.0,,
Mun Choong Restaurant,62,2.8870967741935485,,,0.16776133333333335,,0.0,0.12560185185185185,0.0
Munch,33,3.0,-0.23834999999999998,,0.30057999999999996,,0.0,0.0,0.0
Munch Cafe,7,3.857142857142857,,,0.1468,,,,
Murni Restoran,9,2.7777777777777777,,,0.11744000000000002,,,0.0,0.0
Museum Restaurant,4,3.75,,,0.4017875,,,0.4939,0.0
My Biryani House,1,4.0,,,0.0,,0.0,,
My Chef Seafood Restaurant,24,3.2083333333333335,,,0.1201,,0.1681,0.4577,-0.4767
My Home Style,36,3.3055555555555554,,,0.278593137254902,0.4404,0.123475,0.29045000000000004,0.142975
My Own Cafe,79,3.8987341772151898,0.20095,,0.27125217391304346,0.4404,0.27977777777777774,0.44497692307692305,0.0
My Village Barok,108,2.7314814814814814,0.21075,,0.27721999999999997,0.4404,0.08808,-0.028962500000000002,0.0
NADODI,26,3.8076923076923075,0.4404,,0.3382386363636364,,0.2936,0.404575,0.0
NALE - The Nasi Lemak company,1,3.0,,,-0.16176666666666667,,,,
NOSH by Poké Twins,4,4.0,,,0.5016666666666666,,,,
NZ Curry House,51,3.0588235294117645,0.4033333333333333,,0.13557864583333334,0.2083,0.0,0.12219358974358974,0.0
Na Sook Thai Kitchen Shah Alam,1,4.0,,,0.2553,,,,
Naan Lounge,1,1.0,,,0.0,,,,0.0
Nadodi KL,24,4.041666666666667,0.17015000000000002,,0.2877681818181818,,0.0,0.3026875,0.0
Nagasari Curry House,60,2.533333333333333,,0.0,0.16477999999999998,0.2202,0.0,0.053825,0.0
Nagoya Seafood Restaurant寶立海鮮樓,40,2.25,,,0.024430769230769225,,0.10606666666666666,0.15253333333333333,
Naj & Belle,14,3.2142857142857144,,,0.20477592592592592,,0.0,0.0,0.0
Naj & Belle SS15 Courtyard,123,2.682926829268293,0.3893625,,0.22388909090909093,0.296,-0.0397,0.07127962962962962,0.0
Naked Restaurant & Bar,8,3.0,,,0.14365,,,,0.0
Nam Heong Chicken Rice,115,2.5652173913043477,,-0.2202,0.14672858843537415,0.0,0.0,-0.05998888888888889,0.0
Nam Heong Chicken Rice Chinatown,15,3.0,,,0.082475,,0.0,0.03736666666666668,-0.4588
"Nam Heong Vintage, Pavilion Elite",128,2.1328125,0.32590714285714284,,0.0043537286612758295,,0.253075,-0.190435,0.0
Nam Moon Korean BBQ,5,2.2,,,0.2397,,,-0.04573333333333333,0.0
Nam Nam Vietnamese Cafe,16,3.125,,,0.14281041666666666,,,0.35971333333333333,
Nam Restaurant,9,3.0,0.51315,,0.16170833333333332,,0.0,0.16667500000000002,
Nana's Green Tea,4,2.25,,,0.2202,,,,
Nancy Beef Noodle,1,3.0,,,0.148,,,,
Nancy Beef Noodles,31,3.6451612903225805,,,0.2882416666666667,,0.0,0.2202,
Nancy's Kitchen,121,2.603305785123967,0.13133333333333333,,0.14457157142857144,0.07136666666666668,0.1173611111111111,0.021490740740740737,0.03261083333333333
Nancy's Kitchen Restaurant,308,2.7012987012987013,0.22547727272727272,0.09084999999999999,0.1466327453468697,0.071325,0.017784615384615385,0.1127045321637427,0.026957500000000002
Nando's,55,2.8545454545454545,0.25286666666666663,,0.10048161290322581,0.0,0.0,0.009007692307692307,0.0
Nando's AEON Tebrau,6,3.3333333333333335,0.4019,,0.2202,,0.2263,0.4939,0.0
Nando's Nu Sentral,17,2.176470588235294,0.21075,,-0.0411125,,,-0.03685833333333334,0.0
Nandos,16,2.625,,,0.13422499999999998,,0.2263,-0.1399375,0.0
Narrow Marrow,49,3.489795918367347,0.2250625,,0.27031,,,0.07195625,
Nasi Atan,21,3.619047619047619,,0.0,0.1815875,0.5106,,0.46715,0.0
Nasi Ayam Hainan Chee Meng,28,2.75,-0.4767,,0.1290671052631579,0.18874285714285716,0.2936,-0.04428,0.0
Nasi Ayam Hoe Kee,182,2.8076923076923075,0.21075,,0.13584666666666667,,0.09009666666666666,0.09525789473684211,0.009822727272727273
Nasi Bukit Padang Jawa,2,4.0,,,0.2202,,0.0,,0.0
Nasi Dagang Pak Malau,75,3.2133333333333334,,0.0,0.16994720430107527,0.0,0.10550909090909091,0.11540833333333333,0.0796125
Nasi Kandar Merlin,43,3.8372093023255816,,,0.2888455555555556,0.34,0.0,0.20095,0.0
Nasi Kandar Pelita,125,3.064,0.2202,-0.5106,0.16232694805194806,0.06775714285714286,0.037975,0.1707340579710145,-0.004033333333333333
Nasi Kandar Pokok Ketapang,86,3.011627906976744,,,0.29804117647058825,0.4404,0.10415,0.019275,0.056575
Nasi Kandar Utara,1,5.0,,,0.5574,,0.5106,,
Nasi Kukus Ilham @ Mutiara Damansara,74,3.1621621621621623,,,0.18081875,,0.0,-0.2534092592592592,-0.16176666666666667
Nasi Lemak Cinta Sayang,3,2.3333333333333335,,,0.4404,,,0.0,
Nasi Lemak Esso,1,3.0,,,0.4588,,,,0.0
Nasi Lemak Ganja,17,3.2941176470588234,0.0,,0.10209285714285714,,0.4404,-0.04349166666666667,
Nasi Lemak Lobster JB,7,2.0,,,0.0,,0.13545000000000001,0.1531,0.0
Nasi Lemak Saleha,8,3.25,,,0.20192142857142859,,0.0,0.1468,0.0
"Nasi Lemak Ultra, Imut's Hall & The Black Kitchen",7,4.428571428571429,,,0.0,,,0.4404,
Nasi Lemak Wanjo,14,3.0,,,0.06987142857142857,0.0,0.04933333333333333,0.0,0.0
Nasi Lemak Warisan Bachang,1,4.0,,,,0.0,0.14049999999999999,,
Natalina Italian Kitchen,2,4.5,,,0.26971666666666666,,,0.4939,
Nathalie Gourmet Studio,8,3.375,0.2023,,0.2222525,,,0.1744,
Nature's Vegetarian Restaurant,35,3.1142857142857143,0.4404,-0.4404,0.2377794871794872,,0.0,-0.5423,0.0
Naughty Babe Dirty Duck,11,3.0,0.0,,-0.1231875,,0.31845,0.050199999999999995,0.0
Naughty Bali,29,3.0344827586206895,0.32413333333333333,,0.09778333333333333,,0.0502375,0.2162222222222222,0.0
Naughty Nuri's,79,3.569620253164557,0.286335,,0.27449449612403104,0.0,0.0,0.26964322916666666,0.12985000000000002
Naughty Nuri's @ Atria Shopping Gallery(Non Halal),88,2.7386363636363638,0.363425,,0.15678317460317462,,0.2202,0.10174411764705883,0.1468
Naughty Nuri's Subang The Courtyard,29,3.103448275862069,0.56775,,0.09046388888888889,0.09545,0.3374333333333333,0.30661,0.0
Neighbour's Coffee Bar,1,3.0,,,0.0618,,,,
Nero Nero,163,3.3496932515337425,0.36531,,0.22077560495626825,0.0,-0.1254909090909091,0.3019276923076923,0.0781125
Neroteca,37,2.7567567567567566,0.38544,-0.27115,0.1277032608695652,,0.06291428571428571,0.3357769230769231,0.035124999999999997
New Atmosfera Restaurant,11,2.3636363636363638,,,-0.020328125000000002,,0.0,-0.4588,
New Atmosferah Restaurant,132,2.4318181818181817,0.4939,-0.5423,0.22891392156862744,,0.12728,-0.15975333333333333,-0.1075
New Chapter by The Owls Cafe,12,3.0,0.305575,,0.2475166666666667,,,-0.01840000000000001,
New Generation Restaurant,1,1.0,,,,,,-0.296,
New Hong Kong Restaurant,15,2.2,0.4761,,0.051954761904761906,,0.0,-0.00726,0.0
New Hong Kong Restaurant (JB) 新香港,68,2.4411764705882355,0.4215,,0.11963461538461538,,0.0,-0.10085625000000001,0.0
New Lucky Sea Foods Restaurant,11,2.727272727272727,,,0.03232857142857143,,0.0,0.037,0.0
New Lucky Seafood Restaurant,105,2.8285714285714287,0.105375,,0.14453115942028985,0.30114,0.040590909090909094,-0.04944363636363638,0.0
New Paris Restaurant,122,2.622950819672131,,,0.14161300653594772,-0.186925,0.040946666666666666,0.10621304347826087,0.0
New Thompson Seafood,20,2.8,,,0.0,,-0.1589,-0.4767,
New Water Garden Hawker Centre LGK,25,2.8,,,0.08043125,,,0.0,
New Wonderful Place,14,2.9285714285714284,,,0.4215,,,,0.0
New Zealand Unlimited,23,3.1739130434782608,0.4967,,0.161005,,0.31245,0.25305625,
New Zealand Unlimited Restaurant at Puteri Harbour,15,2.1333333333333333,,,0.09002777777777778,0.0,0.0,-0.18726666666666666,0.0
Newens Tea House,12,3.25,0.4215,,0.093275,0.5719,,0.43095,
Nick's Restaurant & Bar,3,3.0,0.0,,0.0,0.4215,,0.0,
Nido Cafe Malacca,1,4.0,0.0,,0.0,,0.6249,,0.4404
Nijyumaru Japanese Restaurant,12,2.5,,,0.19956583333333333,,0.2202,0.2292833333333333,-0.1147
Nijyumaru Japanese Restaurant (Sutera Utama),76,3.4342105263157894,0.2023,,0.19377367647058824,,0.11247777777777777,0.15005000000000002,0.1369
Nipah,7,4.714285714285714,0.5719,,0.0,-0.148,0.0,0.30606666666666665,0.0
Nipah at EQ,36,3.5555555555555554,0.5229,0.4019,0.2612333333333333,,0.0,0.2618625,0.0
Nirawan 9,5,2.8,0.4404,,0.048933333333333336,,0.3182,,
Nirawan9 Royal Thai Cuisine,44,2.840909090909091,0.4404,,0.19171892857142858,-0.065025,0.0,-0.1826875,0.0
Nizza,21,4.285714285714286,0.48514999999999997,,0.38775333333333334,,0.0,0.47816000000000003,0.5859
Nizza Restaurant @ Sofitel Kuala Lumpur Damansara,11,2.4545454545454546,,,0.40293333333333337,,0.0,0.03304,
No Black Tie,28,2.25,0.21965714285714286,,0.02744166666666666,0.0,0.0,-0.06782142857142857,0.0
No Eyed Deer,38,3.473684210526316,0.26234999999999997,,0.21347727272727274,0.21075,0.148,0.21115,
No.6 & 33 Ling Loong Seafood,32,2.96875,0.0,,0.23958888888888888,0.4404,0.074,0.0,0.26335
Noah Art Cafe,45,2.911111111111111,0.41913333333333336,,0.1765135101010101,0.3119,0.0,0.11995,0.0
Noble House,10,3.4,0.02882499999999999,,0.21425999999999998,-0.11315,0.0,0.4577,0.0
Nobu Kuala Lumpur,234,2.6495726495726495,0.28879473684210527,,0.1549990187764991,0.2932222222222222,0.04831666666666667,0.09329846405228757,0.011684374999999999
Nok An Net Three Power Thai Food,9,3.3333333333333335,,,0.3503,,0.43095,0.4215,
Noodleface A Meatless Cuisine,1,3.0,,,0.0,,,,
Noodles House,2,3.5,,,0.1806,,,,
"Nook, Aloft Langkawi Pantai Tengah",15,4.133333333333334,0.56775,,0.2955983333333333,0.4404,,0.22313333333333332,0.138375
Noor Indian Restaurant,1,1.0,,,,,,,
Noor Indian Restaurant SDN.BHD,2,3.0,,,,,,,
Nosh By Poke Twins,1,5.0,,,0.4019,,,,
Nur Imam Restaurant,6,3.8333333333333335,,,0.09531666666666666,,,,
Nur Tahara Nasi Arab & Nasi Beriani,2,2.0,,,0.0,,0.0,,0.0
Nur Tahara Restaurant,69,2.898550724637681,0.4404,-0.019250000000000017,0.1859925925925926,,0.0,-0.06040000000000001,0.0
Nuraddin Cafe,2,5.0,,,0.5719,,,0.4939,
Nyonya / June's Kitchen,1,3.0,,,,,,,
Nyonya 63,38,3.289473684210526,0.47800833333333337,,0.23116770833333333,-0.1027,-0.08925,0.073975,0.0
Nyonya Breeze Desire,39,3.3846153846153846,0.0,,0.15702941176470586,,0.037,0.13045,0.0
Nyonya Colors Nu Sentral,8,2.625,,,0.1101,,,-0.054799999999999995,0.0
Nyonya Delight - Homestyle Nyonya Food,3,2.3333333333333335,,,0.10001666666666666,,,,
Nyonya Makko Restaurant,135,2.637037037037037,-0.038169999999999996,0.0,0.15422992828456683,0.31245,0.014366666666666665,-0.06634102564102565,0.0
Nyonya Manis Sayang,6,2.1666666666666665,-0.4767,,0.09866666666666667,,0.0,0.0,0.0
Nyonya Neo Restaurant,1,5.0,0.4404,,0.0,,,,
Nyonya Su Pei Private Dining / Heritage Artisans,2,4.0,,,,-0.4767,,,
O'Galito,30,2.8,-0.013800000000000007,,0.2189441666666667,0.1468,0.0,0.14375833333333335,0.0
ON3 Kopitiam,6,3.1666666666666665,,,0.253075,-0.27115,,0.0,
OZEKI Tokyo Cuisine,20,2.75,0.31245,,0.3000239393939394,0.0,0.1468,0.0875625,-0.15293333333333334
Ocean Cafe,4,3.5,,,0.4404,,,,
Ocean Green Restaurant,124,2.2903225806451615,0.5037,,0.16436063131313133,0.015074999999999991,-0.01795,-0.13329382716049384,0.0
Odiya Cafe,17,2.5294117647058822,0.4215,,0.04526,,0.0,-0.16495,0.0
Okonomi,6,3.6666666666666665,,,0.253075,,0.31245,0.0,
Old Andersonian Cafeteria,9,3.0,,,0.0727375,,,0.453225,
Old Baazar Cafe / Daniel's Kitchen,6,3.1666666666666665,-0.2202,,0.23896666666666666,0.5859,0.0,0.4939,
Old China Cafe,226,2.8672566371681416,0.22413808510638297,,0.1897407894736842,0.4404,0.11963636363636364,-0.021114920634920636,0.013436842105263158
Old Rex Cucur Udang Cafe,65,3.353846153846154,,,0.22150897435897438,,0.0,0.2202,0.0
Old Shanghai,126,3.2142857142857144,0.41684035087719296,,0.27527998251748254,0.48652500000000004,0.17616,0.196778125,0.0
Old Town Kopitiam,13,2.8461538461538463,,,0.004122222222222225,,,0.24695,0.2202
Old Town White Coffee,45,2.6222222222222222,0.156225,-0.29965,0.14275065476190477,0.31245,0.0,0.06630384615384616,0.11315
Old Village Satay Celup Restaurant,2,4.0,,,0.0,,,,
OldTown White Coffee Grand,1,3.0,,,,,,,
Ole Ole Bali Balinese Specialties,24,3.125,0.21452999999999997,,0.1437,,0.0,-0.16105,0.0
Ole-Ole Bali @ Empire Shopping Gallery,60,3.033333333333333,0.4215,,0.2924423076923077,0.17020000000000002,0.0,0.224445,-0.12040000000000001
Oleg Inspired By G Cafe,1,3.0,,,,,,,
Olio Italian Restaurant,12,2.4166666666666665,0.1556125,,0.05026041666666667,,,0.025219047619047617,0.0
Olive Kitchen + Bar,27,3.1481481481481484,0.453225,0.0,0.19069895833333333,0.4341,0.6369,0.10815333333333334,0.02263
Olive Kitchen + Bar Penang,63,3.5555555555555554,0.0,,0.3823485294117647,0.4404,0.0,0.05452857142857143,0.0
Olive Kitchen Bar Puteri Harbour,52,2.9615384615384617,0.4613333333333333,,0.19082619047619045,,0.0,-0.007762499999999999,0.0
Olive at the Bay,8,1.875,,,0.3374333333333333,0.0,,-0.1959666666666667,
Olivenz Cafe,3,3.0,,,0.2202,0.0,,,
Oliver Gourmet,31,2.3870967741935485,,,0.16030000000000003,,,0.028849999999999987,0.0
Olives Oregano,2,4.0,,,0.0714875,,,0.5719,
Omakase + Appreciate,6,3.5,0.0,,,,,-0.352875,0.4404
Ombak Bistro,2,3.0,,,,,,0.0,
Ombak Kitchen,7,2.857142857142857,0.28595,,0.20095,,0.2263,0.4939,0.0
Omulab,107,2.8598130841121496,0.292525,,0.10732672558922558,-0.11315,0.03182,0.2422245098039216,-0.02302058823529412
On 3 Kopitiam,65,2.9076923076923076,,,0.16727916666666665,0.4404,0.0,0.12105,0.0
Once Upon A Cafè,30,2.1666666666666665,0.4215,,0.28414999999999996,,0.4404,-0.3477333333333334,0.0
Once Upon A Café,11,2.3636363636363638,0.46715,,-0.09988125,,,0.1771125,0.0
Onde Onde,13,3.076923076923077,0.0,,0.0734,0.4404,0.0,0.08808,0.0
One Degree 33 Cafe,3,2.6666666666666665,,,0.0,,-0.3412,0.4404,
One Half,72,3.1666666666666665,0.283625,,0.2926913580246914,-0.11315,0.0,0.03834907407407408,0.0
One Roof Cafe 合家欢,14,3.357142857142857,,,0.3174375,,0.0,0.5594,0.0
One Serambi Cafe,9,3.111111111111111,0.0,,0.37829999999999997,,0.0,0.32034999999999997,
OneSixFive,4,3.25,0.6249,,0.12788333333333335,0.4404,,0.142425,
Only Mee,1,3.0,,,,,,,
Open House,5,2.6,,,,,,0.24003333333333332,
Opium KL,135,3.933333333333333,0.333265625,,0.2908005868544601,0.4742166666666667,0.211275,0.4008076923076923,0.27286666666666665
Opus Bistro,36,3.1944444444444446,0.43518,,0.2053280701754386,0.1101,0.0,0.2151,0.0
Oregi Restaurant,7,3.0,,,0.0,,,,
Organic Express,32,3.4375,0.0,,0.15605,0.0,0.0,0.21238,0.0
Ori Thai Mookata,1,3.0,,,0.0,,,0.296,
Oriental Café,34,1.4411764705882353,,,-0.1751924,,0.0,-0.1875,
Oriental Cottage Cafe,48,2.6875,0.3028066666666666,,0.1925422619047619,,0.035124999999999997,0.4378375,
Oriental Cravings,11,2.090909090909091,0.4404,,0.08808,,0.0,-0.33370000000000005,0.0
Oriental Pavilion 大港城酒家,83,2.8433734939759034,0.510525,-0.4767,0.18732407407407406,0.2873,0.0,-0.07504130434782609,0.0
Orinea by Farquhar Mansion,113,3.3451327433628317,0.3175935185185185,,0.21020503144654087,0.0,0.057800000000000004,0.29653703703703704,0.0
Orkid Ria Seafood Restaurant,88,2.8636363636363638,0.42115,,0.12950564814814816,0.6249,0.08219,0.14928333333333335,0.0
Our Kitchen Nyonya Restaurant,6,2.6666666666666665,0.0,,0.03804000000000002,,,-0.3612,
Our Place Cafe,1,3.0,0.0,,0.0,0.5106,,,
Out of Africa Restaurant & Kudu Bar,59,3.440677966101695,0.317,0.4404,0.2784875,-0.2263,0.0,0.1476537037037037,0.0
Outback Steakhouse BB Park,84,2.5357142857142856,0.32345,,0.14793489583333333,0.6249,0.07275000000000001,0.1617267857142857,0.0
Overseas Restaurant,64,2.90625,0.10115,,0.12626661600810538,,0.035375000000000004,0.003976190476190474,0.08281666666666666
Overseas Seafood Restaurant,15,2.933333333333333,,,0.02579999999999999,,,-0.27115,0.0
P.S. Tokyo,29,3.310344827586207,0.17562499999999998,0.296,0.20471,,0.0,0.008599999999999997,
PIZZA HUT AEON BKT INDAH,2,1.0,,,,,,0.0,
PLOY,34,3.0294117647058822,0.24897999999999998,,0.1210470588235294,,0.31245,0.16896875,0.0
PLOY Publika,7,3.142857142857143,,,0.34328333333333333,,0.4404,0.1468,0.0
POP PIZZA,63,2.111111111111111,0.4215,0.0,0.09294883333333334,0.6249,0.0,0.18657063492063491,0.0
"PRIME , Le Méridien Kuala Lumpur",61,3.2950819672131146,0.2873,,0.223671975308642,,0.050575,0.31425227272727274,0.0
PS Spice Kitchen,1,5.0,,,0.6249,,,0.4939,
Padi House,3,3.0,0.0,,0.24833333333333332,,,,
Padi House Greentown Ipoh,104,2.9038461538461537,0.34636666666666666,,0.19628958333333332,,0.05581666666666666,0.07542499999999999,0.0
Pahlung Cafe,8,4.25,,,0.04404,,0.0,,
Pahn-Thai Restaurant,77,3.155844155844156,0.46825,,0.14726969696969697,0.45754,0.19576,0.24219615384615387,0.21230000000000002
Paik’s Pan Sizzling Korean Chicken,1,1.0,,,0.0,,,,0.0
Pak Hj Ya Chicken Rice Restaurant,97,2.597938144329897,,0.0,0.13834333333333332,0.19063333333333332,0.10716666666666666,0.12978499999999998,0.0
Pak Li Kopitiam,2,3.0,,,,,,0.2202,
Pak Li Kopitiam Shah Alam 7,3,2.3333333333333335,,,0.4404,,,0.4939,
Pak Loh Chiu Chow,7,3.7142857142857144,0.4215,,0.0734,0.0,0.4404,0.5386500000000001,
Pak Punjab,2,4.0,,,0.0,,,0.4939,
Pak Putra Restaurant,277,3.0288808664259927,,-0.4767,0.2178614114114114,,0.02820434782608696,-0.09536805555555555,0.025995454545454544
Pak Putra Tandoori & Naan Restaurant,9,2.7777777777777777,,-0.5423,0.22771249999999998,,,0.0,
Pak Sawadee,1,2.0,,,0.0,,,0.39495,
PakNil's BBQ & Grill,1,3.0,,,0.0,,,0.0,0.0
Pakeeza Restaurant,37,2.891891891891892,0.3021285714285714,0.296,0.17772992424242423,0.0,0.1468,0.12264285714285714,0.0
Pakeeza Restaurant & Catering,152,3.2302631578947367,0.15236666666666668,,0.2720715238095238,0.09759999999999999,0.08600000000000001,0.06467,0.0
Palate Restaurant,16,2.875,0.4215,,0.24930000000000002,,,-0.027600000000000013,0.0
Palillos 'Spanish Yakitori Bar',5,3.8,0.4404,,0.2202,,,0.4939,
Palladium Cafe,1,3.0,,,,0.0,,,
Palm Garden Coffee House,1,1.0,,,,,,,
Pampas Reserve Grill & Bar,26,3.3461538461538463,0.30952999999999997,,0.37041538461538465,,0.23775000000000002,0.3866777777777778,
Pampas Reserve Steakhouse,36,2.9444444444444446,0.4966714285714286,,0.21164907407407407,0.0,-0.5423,-0.015812500000000004,-0.05135
Pampas Sky Dining Steakhouse,93,2.4946236559139785,0.31895,,0.14922445302445303,0.21906666666666666,0.11407777777777778,0.15149855072463767,0.0
Pampas at Old Malaya,30,2.6666666666666665,0.205,,0.14632615384615383,0.0,0.1468,0.17497692307692309,0.0
Pan & Tamper,12,3.0,0.32084999999999997,,0.22874583333333334,0.4404,0.0,0.28847500000000004,
Pan Heong Restaurant,4,2.5,,,0.16333333333333333,,,,0.0
Pan Kobo Cafe,2,5.0,,,0.5719,0.0,,,
Pan Kobo Japanese Bakery,22,3.409090909090909,,,0.24328994708994708,0.105375,0.0,0.24695,
"Panera Caterer (Cakes, Bread, Desserts, Savouries and Danish)",2,5.0,,,0.0,0.47550000000000003,,,
Pangkor Curry Fish Head,3,2.3333333333333335,,,-0.5423,,0.0,,
Pantry By Pots,1,4.0,,,,,,,
Pantry by Pots,1,1.0,,,,,,,
Papa's Cafe,3,3.0,,,-0.2979888888888889,,,,
"Pappa Rich, City Square",5,1.8,,,-0.03423333333333333,,0.0,0.4404,0.0
PappaRich,2,3.0,,,0.2263,,,0.0,
"PappaRich City Square, JB",15,1.2,,,-0.07498,,0.0,-0.0121,
PappaRich Langkawi,55,2.8,,,0.29607222222222224,0.4404,0.3182,-0.17443333333333333,0.0
Papparich Nu Sentral,15,3.3333333333333335,0.3051333333333333,,0.0539030303030303,,0.039775,0.2827,0.0
Paradise Dynasty @ Bangsar Village II,54,3.5,0.4291125,,0.2752117333333333,,0.6249,0.15752192982456142,0.0
Paradise Dynasty Bangsar Village II,22,3.0454545454545454,0.2873,,0.21256153846153847,,0.4404,0.26867037037037034,0.0
Paradise restaurant kuala lumpar,6,2.8333333333333335,,,0.376425,,-0.17,0.0,
Paris restaurant hakka mee stall,38,2.5526315789473686,,,0.09453333333333333,,0.0,0.0,0.0
Passage Thru India,121,2.669421487603306,0.3057853535353535,,0.14962991869918701,0.008419999999999993,0.07796875,-0.017785,0.09482499999999999
Passage Thru India - Damansara,8,3.625,0.21075,,0.3085729166666667,,,0.363175,
Passage thru' India Damansara,31,3.129032258064516,0.0,,0.187790625,,0.0,-0.028833333333333336,
Pasta Path,32,3.5,0.2263,,0.25585,,0.15718333333333334,-0.1028,
Pasta Zanmai,8,2.25,,,-0.50055,0.5106,,-0.017188888888888903,
Pasta Zanmai NU Sentral,8,2.5,0.41169999999999995,,0.15286,,0.0,-0.01815,0.0
Patin Mania,1,4.0,,,,,,,
Paul Loiis,9,3.3333333333333335,,,0.08557999999999999,0.0,0.0,-0.5423,
Pavilions Lounge,2,3.0,,,,,,,
Paws & Catz Cafe,2,2.0,0.4404,,0.0,,0.0,,
Paya Serai,152,3.361842105263158,0.3536142857142857,0.0,0.08789646464646464,0.034725,0.025144444444444445,0.3420792307692308,0.0
Penang Air Itam Laksa,77,3.0779220779220777,0.42115,,0.19942047619047618,,0.20424000000000003,0.17432142857142857,0.1077375
Penang Club,17,3.2941176470588234,0.4215,,0.437175,0.4215,,0.1522,
Penang Road Famous Teochew Chendul,1,1.0,,,,,,,0.0
Pending Seafood Centre,2,3.5,,,0.0,,0.0,,
Peng Heong Hakka Paikut Restaurant,14,2.9285714285714284,,-0.5859,0.1547,-0.019250000000000017,0.0,0.1101,
People & Places Cafe,91,3.6043956043956045,0.3670333333333333,,0.276042,0.13334000000000001,-0.17556666666666665,0.40236875,-0.03777777777777778
Perhentian Cafe & Salon,1,3.0,,,0.0,,0.2263,0.4939,
Peridot Kuching,2,2.5,-0.5423,,0.26932500000000004,0.0,,-0.4939,
"Peridot, Kuching",13,3.769230769230769,0.505625,,0.341575,,0.0,0.427125,
Permas Jaya One Two Eat Cafe,59,3.016949152542373,0.3917333333333333,,0.2826333333333333,0.0,0.2121333333333333,-0.33966666666666673,0.0
Permas Seafood Village,7,2.857142857142857,,,-0.10045000000000001,0.2202,0.0,0.46715,
Permyjaya BBQ and Steamboat Buffet Style Restaurant,1,5.0,,,,,,0.24695,
Persia Restaurant,12,3.1666666666666665,-0.4767,,0.2245,0.0,0.2936,0.4519333333333333,0.0
Pete's Deli,17,2.8823529411764706,0.0,,0.26632500000000003,,,-0.0242,0.0
Peter Hoe Cafe,13,2.1538461538461537,0.4404,,0.28812499999999996,0.2202,0.0,-0.30266666666666664,
Peter's Pork Noodles,7,3.142857142857143,,,0.1468,0.2202,0.0,,
Pho Master Vietnamese @ Vivacity,3,2.0,,,0.0,,,-0.4767,0.0
Pho Viet Cafe,26,2.923076923076923,0.380325,,0.18121575757575759,,0.0,0.14049999999999999,0.0
Pho Vietz,8,3.0,,,0.10126875,,,0.22139999999999996,0.0
Pho Vietz - CLOSED,10,2.9,,,0.17802,,0.0,0.4967,0.0
Phoenix Chinese Restaurant,5,1.8,,,-0.5423,,0.0,-0.24928333333333333,
Phở Master Vietnamese @ Vivacity,31,2.4838709677419355,,,0.04636734693877551,,0.0,-0.0681,0.0
Pia's The Padi,27,3.037037037037037,0.5326500000000001,,0.2536763888888889,,-0.1695,0.022324999999999984,0.11438
Piasau Boat Club,39,3.4615384615384617,,,0.15240555555555557,0.0,,-0.114875,0.6369
Piato Bistro,23,2.739130434782609,0.21075,,0.12328333333333334,,0.0,-0.119175,
Pick A Pot Bak Kut Teh,3,4.666666666666667,,,0.49274999999999997,,,0.1531,
Pier 12 Seafood Tavern,88,3.5681818181818183,0.4200307692307692,,0.3176965909090909,0.2873,0.06364,0.3084026315789474,0.0
Pigs & Wolf,49,2.4693877551020407,0.36924999999999997,,0.10668,0.12179999999999999,-0.4767,0.012483333333333324,0.06291428571428571
Pinchos Tapas Bar,58,3.603448275862069,0.238675,,0.346503125,,0.4404,0.029265000000000003,0.0
Pinggai Cafe,20,3.6,0.4215,,0.33224833333333337,,,0.3587277777777778,-0.128
Pinoy Fiesta Ihaw Ihaw Restaurant,21,3.238095238095238,0.2934833333333333,,0.18896153846153846,,0.29975,0.42283125,0.2083
Pinoy Ihaw-Ihaw,10,3.3,0.4404,0.0,0.0,,0.0,,
Pintu,4,3.5,0.5911500000000001,,-0.012050000000000005,,,0.2202,0.31245
Pinxin Vegan Cuisine,20,3.65,0.45129,,0.311934375,0.0,0.0,0.12276666666666666,0.04215
Pisco Bar,19,3.3684210526315788,0.4038125,,0.21637142857142858,0.4215,0.6249,0.24409999999999998,0.0
Pit Stop No. 12,23,4.173913043478261,0.0,-0.4404,0.3837175324675325,-0.128,0.0,0.43656249999999996,0.4404
Pit Stop no.12,11,4.090909090909091,,,0.31511428571428574,0.6249,0.0,0.3398714285714286,
Pizz,1,5.0,,,,,,,
Pizza Brava,5,2.8,,,-0.045191666666666665,,,0.4404,0.0
Pizza Hut,3,3.0,,,0.0,,,-0.23835,
Pizza Hut AEON Bukit Indah,5,2.6,,,0.0,,,0.6249,
Pizza Hut Sacc Mall,2,2.0,,,,,,-0.6249,
Pizza Hut Tebrau City,3,2.0,,,0.0,,,0.0,
Pizza Hut Tesco Shah Alam,2,3.5,,,0.0,,,0.0,0.0
Pizza On Fire,7,4.714285714285714,,,0.06369,,0.4404,,
Pizza San Francisco,1,1.0,,,,,,,
Plan B,39,2.6923076923076925,0.123475,0.0,0.16865,0.1101,0.13396666666666665,0.14103666666666664,0.0
Plan B (Ipoh),355,2.915492957746479,0.4367148148148148,0.0,0.1530346920289855,0.21841,0.0873575,0.011411363636363638,-0.08500555555555556
Plane In The City,39,3.282051282051282,0.44952000000000003,,0.1293725,,-0.27115,0.3168875,-0.05135
Planet Sambal,5,3.0,,,0.11836666666666668,,,0.125,
Planter's at The Danna,54,3.8518518518518516,0.2164222222222222,,0.2229714367816092,,0.0,0.2572933333333333,0.12072857142857142
Planter's at The Danna Langkawi,2,1.0,,,,,,0.4215,
Planters Lounge,13,3.6153846153846154,0.4215,,0.2426966666666667,0.5859,0.0,0.0,0.0
Ploy,39,3.1794871794871793,0.29883,,0.30086666666666667,,0.1101,0.2241277777777778,0.0
Poh Piah Lwee,65,3.2,,,0.16396,,0.3182,0.4519333333333333,0.0
Pom Pom Bar & Restaurant. Previously named Thai Odyssey Spa & Cafe,4,4.0,,0.0,0.4568833333333333,,,0.43095,
Pondok Laguna,2,2.0,,,0.2202,,,,
Pool Bar & Grill,5,5.0,,,0.31856,,,0.38126666666666664,0.0
Popular Vegetarian,6,2.5,,,0.363175,,0.0,,
Popular Vegetarian Restaurant,1,5.0,,,0.4404,,,0.4215,
Porkie's By Flavours,84,2.6547619047619047,0.19801249999999998,,0.11885434782608695,0.050575,0.0,-0.06290588235294117,0.0
Porky Burgers,1,3.0,,,0.2202,,,,
Porto Romano,38,2.710526315789474,0.40103999999999995,,0.17022738095238094,0.0,0.0,0.009824999999999997,0.15293333333333334
Portofino Bangsar Lucky Garden,32,3.34375,0.5440999999999999,,0.21359206349206347,,0.6249,0.1977702380952381,0.10415
Positano Risto,104,4.413461538461538,0.3500363636363636,,0.28884574404761904,0.0,-0.09534000000000001,0.3800208333333333,0.14400000000000002
Positano Risto @ Publika,196,3.122448979591837,0.38682894736842105,,0.23730154320987656,0.192,-0.04015294117647058,0.34747999999999996,-0.07763333333333333
Potters Place Cafe,3,5.0,,,0.6249,,,,
Pp Cafe Miri,19,3.473684210526316,,,-0.11202499999999999,,0.21075,0.4404,
Pp cafe Miri,1,3.0,,,0.4404,,,,
Prego,128,3.125,0.2747076923076923,,0.26753717592592596,0.4404,0.11968000000000001,0.19379102564102565,0.1587
Presgrave Street Hawker Centre,67,3.1343283582089554,,,0.17139663865546217,0.0,0.2202,0.0,0.0
Prime,86,3.313953488372093,0.38469375,,0.22511312865497077,0.0,0.06291428571428571,0.2627910569105691,0.06943333333333333
Proof Pizza + Wine,81,2.6296296296296298,0.46565,,0.20802216666666667,-0.135775,0.0,0.032740624999999995,0.039028571428571426
Proof Pizza and Wine,18,3.0,0.5984,,0.1828027777777778,0.5106,0.0,0.205875,0.0
Pullman Kitchen,13,2.6923076923076925,0.4215,,-0.24648333333333333,,0.0,0.123475,0.0
Puma sera restaurant,2,4.5,,,0.0,,,,
Pure Heart Vegetarian,1,5.0,,,0.4404,,0.0,,
Puree Juice,10,4.6,,,,,,0.5859,0.0
Purple Cane,3,3.6666666666666665,,,0.0,,,,0.10115
Purple Cane Tea House,62,3.3548387096774195,0.39621249999999997,,0.22015925925925928,0.5106,0.0,-0.119175,0.0
Purple Cane Tea Restaurant,8,2.375,,,0.13219375,,,,
Purple Haze Tavern,2,4.0,0.3551,,,,,,
"Pusing Public Seafood Restaurant, Seafood",2,2.5,,,0.4404,,0.3182,0.4404,
Putien @ 1 Utama Shopping Centre,76,2.6447368421052633,0.4404,,0.20127916666666668,,,0.18054,0.045533333333333335
Putu Piring Melaka,56,3.4285714285714284,,,0.2919333333333333,,0.0,0.0,0.0
Putumayo Restaurant 复古海滨餐厅,87,2.8045977011494254,0.38324444444444444,,0.22761003703703703,0.2202,0.074975,0.1361625,0.4404
QQ Ice Melaka,7,2.4285714285714284,,,,,0.0,,
Qiang Shi Fu cenang Seafood Restaurant,39,2.5641025641025643,,,0.13170714285714286,0.0,0.14378333333333335,-0.23835,0.0
Qing Xiang Vegetarian @ Boulevard Miri,24,2.4583333333333335,,,0.2000785714285714,,0.0,-0.5423,0.0
Quivo,108,3.0,0.37979090909090907,,0.23800803571428572,0.0,0.10356666666666667,0.1360775641025641,0.063825
Quivo Pavilion,105,3.7714285714285714,0.3895571428571429,,0.2650615591397849,0.13942857142857143,0.17694285714285712,0.3204915032679739,0.0
Quivo Southkey,4,4.0,,,0.32685000000000003,0.0,,0.4053111111111111,
Qureshi,98,3.36734693877551,0.41481315789473683,,0.2553158163265306,0.2202,0.0,0.3753852941176471,
Qureshi Malaysia,22,3.6363636363636362,0.49400714285714287,,0.2673083333333333,0.5994,0.0,0.08447272727272727,0.0
R&J Famous BBQ Venture's,2,5.0,,,0.142975,0.0,0.0,0.0,
R&R Bistro,2,3.0,0.0,,,,0.0,0.0,
RAKU Fusion Cuisine,1,3.0,,,,-0.3612,,,
RESTORAN RT (LANGKAWI),15,4.133333333333334,,,0.2592952380952381,,0.0,0.0,
RJ AYAM BAKAR kopitiam,34,2.9705882352941178,0.20095,,0.1000236111111111,,0.156225,0.22121428571428572,0.0
RJ AYAM PENYET kopitiam,3,1.6666666666666667,,,-0.05135,,0.0,-0.5423,
RJ Cafe @Satok,42,2.7857142857142856,-0.4767,0.4019,0.19865757575757573,,,-0.04345185185185185,0.0
ROAST & BAKE CAFE · DESSERT,5,3.4,,,-0.03423333333333333,,,,
RSMY,209,2.8038277511961724,0.0,-0.4767,0.1338556451612903,-0.05425000000000001,0.007955,-0.11267898550724639,0.0
Ra-Ft,7,3.142857142857143,0.11315,,0.08753999999999999,,,0.38980000000000004,0.0
Rainforest Cafe,1,4.0,,,,,,0.4939,
Rainforest Cafe 喜來登飲食餐廳,17,3.1176470588235294,,,0.39447499999999996,,0.0,0.46715,
Rainforest Garden Cafe,44,2.9545454545454546,0.4215,,0.2409,-0.2263,,0.31143333333333334,
Raj's Banana Leaf,40,2.5,-0.4939,0.0,0.08890488095238094,0.0,0.36819999999999997,-0.04751363636363636,0.0
Raju Restaurant,110,2.5272727272727273,,,0.18703515723270442,0.02785,0.16392,0.04727592592592593,0.0
Rakuzen Empire Shopping Gallery,7,2.7142857142857144,,,0.15430625,0.0,0.0,-0.27115,0.0
Rakuzen Japanese Restaurant,29,3.0,,,0.12119305555555555,,0.25286666666666663,0.10733703703703704,0.0
Rama V Fine Thai Cuisine,56,2.6785714285714284,0.37655,0.0,0.12226323593073593,0.22281666666666666,0.0,0.0736075,0.07655
Ramly Burger Stall,5,3.0,,,0.0,-0.4767,,0.0,
Rani Vilas Restaurant Batu Caves,8,2.875,,,0.11010000000000002,0.0,,-0.5423,0.0
Rasa Wau,17,3.235294117647059,,,0.24645641025641027,,-0.4588,,0.0
Ratu Delicacy,1,2.0,-0.4767,,,,,0.0,
Raw - Brew & Dine,1,1.0,,,-0.23835,,,,
Ray of Hope Ipoh,1,5.0,,,0.4404,0.2202,,,
Razzmatazz Bistro & Bar,10,3.8,0.21389999999999998,,0.03900625,,,0.5541,0.0
Razzmatazz Bistro Bar,12,4.5,-0.5423,,0.3423761904761905,,0.2202,0.5634,
ReDynasty,2,2.5,,,0.0,,,,
ReDynasty The Emperor's Bar,1,5.0,,,0.4215,,,,
Rebirth Inc Cafe,2,2.0,,,0.0,,,,
Red Kolo Mee,1,3.0,,,,,,,
Red Sky Restaurant & Bar,29,3.2413793103448274,0.31105,,0.19387888888888888,0.14049999999999999,0.1591,-0.09845,0.0
Red Tomato Langkawi,92,3.119565217391304,0.46275555555555553,0.0,0.2726320512820513,,0.04813333333333334,0.11232258064516128,0.04526
Regent Pandan Layer Cake Shop,3,2.0,,,,,,,0.0
Relish The Moment,23,3.4782608695652173,0.14794000000000002,0.0,0.41535500000000003,-0.3612,0.4404,0.12844999999999998,0.4404
Restaurant Alam,6,1.6666666666666667,,,0.3143666666666667,0.31245,,,
"Restaurant Annaseem Oasis, Pantai Tengah",3,3.6666666666666665,,,-0.5423,,,,
Restaurant Ayam Penyet AP,1,2.0,,,,,,,
Restaurant Baan Rao,53,2.7358490566037736,0.4215,-0.4404,0.17496969696969697,-0.1027,0.1101,0.06519090909090909,-0.1589
Restaurant Ban Lee Siang,92,3.0760869565217392,,,0.21772857142857144,0.4215,0.04242222222222222,0.29581111111111114,0.06943333333333333
Restaurant Bismillah,1,2.0,,,,,,,
Restaurant Bubur Goreng,9,3.0,,,0.04794,-0.2263,,,0.0999
Restaurant Caterbest Sdn. Bhd.,26,2.6538461538461537,,,0.14186964285714285,,0.0,0.33895,0.0
Restaurant Chang Keong Dim Sum,49,3.122448979591837,,0.301425,0.12073589743589744,-0.11315,0.13212000000000002,0.08406190476190477,0.0
Restaurant D' Tandoori House,96,2.8125,0.32658,,0.17372614942528733,,0.18274166666666666,0.16849431818181818,0.0
Restaurant Dim Sum Chang Keong,2,4.5,,,0.4215,0.4404,,0.4939,
Restaurant Dominic,51,3.0980392156862746,0.4716642857142857,,0.08797857142857142,0.0,0.0,0.11770833333333335,0.1468
Restaurant Ferringhi Garden,75,3.013333333333333,0.4073619047619048,,0.2066694968553459,0.2996,-0.051722222222222225,0.17166249999999997,0.0
Restaurant Gold Dragon City,89,3.1235955056179776,0.4404,,0.26590718954248366,-0.11315,0.053312500000000006,-0.016436249999999996,0.0
Restaurant Hiing Fatt,2,3.5,,,0.4404,,,,
Restaurant Huat Chicken,22,2.5454545454545454,,,0.1767125,,,0.4939,
Restaurant Kah Kah Loke,1,4.0,,,,,,,
Restaurant Lee Swee Meng,75,3.4,,,0.2546736559139785,0.2202,0.048155555555555556,0.31898,0.0
Restaurant Loon Sing,7,2.7142857142857144,,,0.14452083333333335,,0.0,0.4404,0.0
Restaurant Loon Sing (JB) Sdn Bhd,91,2.5054945054945055,0.5017333333333333,-0.22020000000000003,0.1381,,0.1101,-0.16623137254901962,0.0
Restaurant Marhaba Langkawi,48,2.125,0.35744,,0.00437652777777778,,0.1101,0.18125059523809525,0.0
Restaurant Muse,1,4.0,,,0.4588,,,,
Restaurant Oasis Kuah,3,1.6666666666666667,,,0.22754999999999997,,,,
Restaurant Peranakan Place,3,2.6666666666666665,,,-0.13143333333333332,,0.0,-0.19640000000000002,0.0
Restaurant Pusing Public,95,3.4842105263157896,0.0,0.4939,0.3398718518518518,0.4404,0.0734,0.11903000000000001,0.0
Restaurant Rani,3,2.3333333333333335,,,-0.033966666666666666,,-0.3612,,
Restaurant Saravanaa Bhavan Petaling Jaya,105,2.6952380952380954,0.12179999999999999,-0.4767,0.11124268292682928,-0.225875,0.0,-0.02467962962962963,0.0
Restaurant Sek Yow Fook,5,2.6,,,0.21696666666666667,,0.0,,
Restaurant Shoon Huat,70,2.5714285714285716,,,0.19240459770114943,0.0,0.0,-0.20934545454545453,0.0
Restaurant Shun Fa Bak Kut Teh,62,2.967741935483871,,-0.006450000000000011,0.2062014705882353,,0.09866666666666667,0.2936,0.0
Restaurant Sin Chua Kee (Kuala Lumpur),74,2.9324324324324325,,,0.12321785714285714,0.0,0.0,-0.10211875000000001,0.0
Restaurant Sin Yin Hoe,5,2.8,,,0.0,,0.0,,
Restaurant Siu Siu - Sungai Besi,51,2.3529411764705883,0.4215,,0.08088,0.11709666666666667,0.0,0.09190000000000001,0.0
Restaurant Sri Aryaa Bhavan Ipoh,132,2.909090909090909,0.46071999999999996,,0.2583455357142857,,0.0,-0.046385156250000004,0.12498000000000001
Restaurant Sun Chui Yuen,8,2.625,,,0.016747500000000012,,,0.4588,
Restaurant Sun Yeong Wai (Medan Ipoh Branch),55,2.581818181818182,,,0.15706645833333333,,0.0,-0.4600666666666667,
Restaurant Sze Zai Hiong,2,3.5,,,-0.016,,,,
Restaurant Sze Zai Hiong (食在乡),14,3.142857142857143,0.4404,,0.31769285714285717,,0.2202,,
Restaurant Taman Eng Ann,8,3.125,,,0.0,0.0,,0.6249,
Restaurant Teck Sing,105,3.276190476190476,,,0.14307991379310342,0.0,0.13590909090909092,0.02492142857142857,0.0367
Restaurant Tian Tian Lai Seafood & Bak Kut Teh Langkawi,14,2.2857142857142856,,,0.28595,,0.0,,0.0
Restaurant Veloo Villas,94,2.5425531914893615,,-0.296,0.1411296875,-0.17715,-0.17921,-0.2059263157894737,
Restaurant Win Heng Seng,4,3.75,,,0.0,,,0.0,0.0
Restaurant Ya Wang,24,2.75,,,0.12214615384615385,,0.0,0.005983333333333336,0.0
Restaurant Yat Pat Hoe,1,3.0,,,,,,,0.0
Restaurant Zhong Tai,18,2.2222222222222223,,,-0.03817948717948717,,0.1468,-0.1268,0.0
Restoran 3H's Corner,6,3.0,,,0.4404,,,,
Restoran Abda,1,5.0,,,0.0,,0.6249,,
Restoran Abg Mat Gajah Kompleks Perniagaan Taman Nilam,4,5.0,,,,,,,
Restoran Absolute Thai,20,2.45,-0.5423,,0.01700125,,0.3182,0.05802,
Restoran Agus,36,2.8055555555555554,0.5574,,0.07398181818181818,0.1468,0.0,0.11711428571428571,0.0
Restoran Ah Meng,57,2.982456140350877,,,0.11623863636363635,,0.0,-0.061575000000000005,
Restoran Al Sarifa - Bukit Bintang,4,1.75,,,0.0734,,,-0.1351,
Restoran Al-Bidayah,1,2.0,,,0.0,,,,
Restoran Ali Food Corner,2,2.0,,,0.2202,,0.0,,
Restoran Aliah,4,3.0,,,0.4404,,,0.4939,
Restoran Angcle Peoh,20,3.05,,,0.14768333333333333,,0.5719,-0.5095000000000001,0.0
Restoran Arang Ikan Bakar,1,3.0,,,,,,,
Restoran Asam Pedas Pokok Besar,4,2.5,,,-0.27115,,,-0.46775,0.0
Restoran Assam House,16,3.6875,0.5106,,0.24743285714285715,,0.0,0.31143333333333334,
Restoran Atta Shooru lama,13,2.923076923076923,,,0.26046,0.4404,0.0,,
Restoran Aunty Lee,58,2.8620689655172415,,,0.17478170731707318,0.0,0.06364,0.12928181818181816,0.0
Restoran Bai Her,3,3.3333333333333335,,,0.0,,,0.4939,
Restoran Beriani Asif,5,3.0,0.0,,-0.2294,0.3182,,,
Restoran Boston Baru,118,2.6016949152542375,,,0.22763553459119495,,0.0,-0.28044615384615385,0.01012204301075269
Restoran Changman Dimsum,5,2.6,,,0.0505125,0.0,0.0,0.0,0.0
Restoran Char Siew Yoong,6,2.3333333333333335,,,0.29071250000000004,,,,0.0
Restoran Chef Fatt,1,3.0,,,,,,,
Restoran Cili Merah,8,2.875,,,0.034396666666666666,,0.0,-0.135575,
Restoran Cowan Street Ayam Tauge & Koitiau,24,3.3333333333333335,,,0.10664404761904762,,0.0,,0.0
Restoran D'Selera Kelate,1,3.0,,,,,,,
Restoran DEEN | Nasi Kandar,99,2.919191919191919,,0.09866666666666667,0.07456495098039216,-0.10966666666666668,0.07071111111111111,0.06291428571428571,0.009106666666666667
Restoran Da Feng Sho,3,2.3333333333333335,,,0.0734,,,,
Restoran De Lisbon,13,3.3076923076923075,,,0.09270469696969696,,,0.2202,
Restoran Dragon View,39,2.3076923076923075,0.0,,0.0717340909090909,0.0,0.123475,0.017877777777777777,0.0
Restoran E & Y Sdn. Bhd.,6,2.8333333333333335,,,-0.14475555555555555,,0.0,-0.2083,
Restoran E&Y,75,2.7066666666666666,,,0.14907352941176472,,0.0,0.136705,0.0
Restoran Famous Thai,4,2.75,,,0.1460375,,0.0,0.4404,
Restoran Fishing Village Seafood,41,2.4146341463414633,,,0.04087051282051282,,-0.013374999999999998,-0.55925,0.0
Restoran Gold Leaf Village,1,4.0,,,,,,,
Restoran Habib,5,3.2,0.0,,0.0,,,0.24695,0.0
Restoran Hai Heng,4,4.0,,,0.4404,,,,
Restoran Han Kee,1,3.0,,,0.4404,,0.4404,-0.23835,
Restoran Hatinie,14,3.142857142857143,,,0.061129166666666665,0.4404,0.0,0.0,0.0
Restoran Helixuan,1,1.0,,,,,,,
Restoran Hj Sharin Low (Seksyen 7 Shah Alam),4,2.25,,,0.09866666666666667,,,,
Restoran Hoi Peng Seafood,65,3.0153846153846153,,,0.2998875661375661,0.039599999999999996,0.0595875,0.12917142857142855,-0.11717999999999999
Restoran Imbi Road Meatball Noodles,2,3.0,,,0.0,,0.0,,
Restoran Ipoh Kong Heng,4,3.25,,,0.1101,,0.0,-0.5423,
Restoran J & J Corner,13,2.769230769230769,0.0,,0.2159625,,0.31845,0.46715,0.0
Restoran Jin Xuan Hong Kong,3,2.6666666666666665,,,0.4404,,,0.0,
"Restoran Jin Xuan Hong Kong ""Kuchai Lama""",5,3.0,,,0.0,,,0.4939,0.0
Restoran Ka Hoe,2,3.0,,,0.4404,,,,
Restoran Kacang Pool Haji,184,3.592391304347826,0.43095,0.4019,0.3089482269503546,-0.10754285714285715,0.0,-0.04267291666666667,0.0
Restoran Kah Kah Loke (Johor Jaya总行),56,2.9285714285714284,,,0.15825384615384613,0.4404,0.0,-0.18076666666666666,
Restoran Kak Yan Nasi Campur,56,3.5714285714285716,,-0.128,0.2237014705882353,0.0,0.03812666666666666,0.4404,
Restoran Kar Heong,1,3.0,,,0.0,,,,
Restoran Kar Hiong,1,1.0,,,0.0,,,,
Restoran Kari Kepala Ikan Tiga Johor Bahru,1,3.0,,,0.2202,,,,
Restoran Kauboi 夜猫子露天海鲜饭店,36,1.8611111111111112,,0.0,-0.0017807692307692396,,0.027519999999999996,-0.38156500000000004,0.0
Restoran Ke Ren Lai,29,3.0,,,0.248037037037037,,0.2083,0.4999,0.0
Restoran Kok Keong,2,4.0,,,,,,,
Restoran Kong Heng,74,2.635135135135135,,,0.08586206896551724,-0.1027,-0.018980000000000007,-0.38385499999999995,0.0
Restoran Kota Zheng Zong,4,3.0,,,0.34785,,0.5326500000000001,,0.0
Restoran Krishna Bhawan,26,2.5384615384615383,0.4893,,0.15008888888888888,,0.0,0.6249,
Restoran Kudu Bin Abdul Nasi Kandar Penang,5,3.2,,,0.2787,,,,0.0
Restoran LC Catering Sdn Bhd,89,3.0786516853932584,-0.0595875,0.4019,0.3169444444444444,0.2202,0.02640625,0.162275,
Restoran Lan Je Sdn. Bhd.,4,3.0,,,0.039775,,,,
Restoran Lee Swee Meng,12,3.75,,,0.2979928571428571,0.0,0.2202,0.01479999999999998,
Restoran Lesung Batu,2,2.0,,,0.1468,,,,
Restoran Lim Kee,5,2.4,,,0.0,,0.0,0.21075,
Restoran Lima Bintang Subang Perdana,1,2.0,,,0.0,,,,
Restoran M Salim,14,3.357142857142857,0.4577,,0.06129714285714286,,,0.4939,-0.03423333333333333
Restoran Mahbub,18,2.888888888888889,,,-0.016187500000000007,,0.0,-0.16176666666666667,0.0
Restoran Maju Jaya,35,2.5428571428571427,,,0.208605,,0.0,0.4939,0.0
Restoran Mak Uda,1,3.0,,,0.0,,,,
Restoran Makanan Laut Lau Heong,7,3.142857142857143,,,0.2926583333333333,0.2202,0.0,0.0,0.0
Restoran Makanan Laut Yeo Sekeluarga,2,2.0,,,0.2202,,,0.019799999999999998,
Restoran Mangga 2,20,3.25,,,0.27917000000000003,,0.14728,0.34618,0.0
Restoran Mee Rebus Ramli,12,3.25,,,0.105375,,0.0,0.233575,0.0
Restoran Mee Rebus Ramli @ Taman Tasek Jaya,268,2.9776119402985075,0.34895,,0.24070551515151514,,0.05603333333333334,-0.016881818181818182,0.0
Restoran Meng Kee Char Siew,3,3.0,,,-0.009199999999999986,,,,
Restoran Moga Punjab,37,2.4324324324324325,,-0.5095000000000001,0.18795416666666664,,0.0,-0.01815,
Restoran Mum's Place,58,3.3620689655172415,0.4215,,0.18679942528735632,-0.1027,0.0,0.16811428571428572,0.1468
Restoran Mun Choong S/B,5,4.0,,,0.150725,0.0,,,0.2294
Restoran NZ Ali Bistro,1,1.0,,,0.0,,,,0.0
Restoran Nagasari Curry House,38,3.236842105263158,,,0.169404,,0.308125,0.23859999999999998,0.0
Restoran Nasi Ayam Kam Kee,4,3.75,,,0.2846666666666667,,0.0,,
Restoran Nasi Ayam Pak Kong,105,2.7142857142857144,,,0.16136784256559766,,0.0,0.17149999999999999,0.03812666666666666
Restoran Nasi Briyani Bukhara,48,2.6875,,,0.08365,,,0.01479999999999998,-0.3612
Restoran Nasi Vanggey,2,3.0,,,0.21075,0.5106,0.0,,
Restoran New Hollywood,37,3.324324324324324,0.4404,,0.2336105263157895,,0.2202,-0.154425,0.12738
Restoran New Lagoon,3,3.3333333333333335,,,0.0,,,-0.6249,0.0
Restoran New Wong Poh,109,2.743119266055046,,-0.5859,0.2107915503875969,-0.07426250000000001,0.0734,-0.12294583333333335,0.0269375
Restoran Noor Thoiba,1,2.0,,,0.2023,,,,0.0
Restoran Nyonya Makko,114,2.6052631578947367,0.4404,,0.19989780701754387,0.2202,0.0,-0.1332357142857143,0.0
Restoran Nyonya Suan,136,2.286764705882353,0.32986875,-0.229825,0.09453105576016023,0.2202,0.03482727272727273,0.105759375,0.0
Restoran Ole Rasa,4,4.0,,,0.1288375,,,0.0,
Restoran On Kee,2,3.0,,,-0.045774999999999996,,,0.4404,0.0
Restoran Onn Kee Jaya 安记砂煲鱼头汤,6,2.8333333333333335,,,0.05654999999999999,0.0,,,
Restoran Orkid Thai,10,3.0,0.0,,0.12332266666666666,,0.4404,0.09315000000000001,
Restoran Osman,3,3.3333333333333335,,,0.0,,,0.296,
Restoran Pekin,62,3.2903225806451615,0.5994,0.4019,0.21257401960784314,0.0,0.4404,-0.08954166666666667,0.0
Restoran Pik Wah,8,3.875,,0.0,0.20978428571428573,,,-0.16179375000000001,0.142975
Restoran Rebung Chef Ismail,39,2.9743589743589745,0.295025,,0.09304656814449917,0.0,0.04526,0.29578,0.0
Restoran Rebung Dato Chef Ismail,74,3.4324324324324325,0.41733750000000003,,0.21572236559139785,0.1101,0.16422307692307692,0.26942222222222223,0.0
Restoran Red Chopstick,49,2.4489795918367347,,,0.1088,,-0.060200000000000004,-0.0121,0.0
Restoran SA Kopitiam,1,5.0,,,0.4215,,,0.4404,0.0
Restoran SK Nasi Kandar,1,3.0,,,,,,,
Restoran SYW,9,3.5555555555555554,,,0.12233333333333334,,0.0,0.17335,0.0
Restoran SYW (Flagship) 新揚威烤鴨（新街場旗艦店）,52,2.5961538461538463,,,0.144652,,0.0,-0.111125,0.0
Restoran Sai Woo,62,2.7580645161290325,0.2202,,0.14247380952380953,,-0.020857692307692306,-0.03759166666666667,0.0
Restoran Sam Poh,35,3.057142857142857,,,0.31211,,0.18364285714285716,-0.1026,0.0
Restoran Santa Chapati House,1,2.0,,,,,,,
Restoran Sayed,1,4.0,0.5106,,0.0,,0.0,0.5719,
Restoran Seafood Anis Tanjung Rhu,3,3.0,,,0.074,,,0.0,
Restoran Sederhana,3,1.6666666666666667,,,0.4404,,0.4404,0.5719,
Restoran Sek Yuen,22,2.6818181818181817,0.2202,,0.2587765151515151,-0.1531,0.0,0.1759666666666667,-0.18076666666666666
Restoran Selera Moden,3,2.6666666666666665,,,0.31245,,,,
Restoran Seng Huat Bak Kut Teh,16,3.25,0.0,,0.14845555555555556,0.0,,-0.025474999999999998,0.0
Restoran Shabu Shabu & Stimbot,11,2.272727272727273,,,0.0,0.0,0.1591,0.2202,0.074
Restoran Shabu Shabu Ipoh,114,2.508771929824561,0.4404,,0.13169202898550725,0.0,0.0,-0.12056,0.0
Restoran Shoon Huat,4,1.0,,,0.0,,,-0.27115,
Restoran Sidah,1,3.0,,,0.0,,,,
Restoran Simpang Tiga,256,2.41796875,0.316125,,0.24271746835443037,0.5386500000000001,0.01329861111111111,-0.08783483333333333,0.0
Restoran Simpang Tiga (Medan-Ipoh),8,2.25,,,-0.01366,0.5106,,-0.5095000000000001,0.0
Restoran Sin Lean Lee,22,3.3636363636363638,,,0.21637499999999998,,,0.4019,
Restoran Sing Lok Lok Steamboat,1,3.0,,,0.0,,,,
Restoran Siti Fatimah,48,3.3125,,,0.199125,0.100475,0.1112357142857143,0.33895,
Restoran Siu Siu,24,2.9166666666666665,0.4215,,0.21510151515151515,,0.0,-0.0964,-0.4767
Restoran Soong Kee,8,3.375,,,0.0,,0.0,,0.0
Restoran Soto 13,1,3.0,,,0.0,0.0,,,
Restoran Spicy Girl,1,4.0,,,0.0,,,,
Restoran Spring Golden,3,2.6666666666666665,,,0.0,,0.0,0.0,
Restoran Sri Ganesa,4,3.5,,,0.0,,,,
Restoran Sri Kortumalai Pillayar,2,2.5,,,0.0,,,,0.0
Restoran Sri Mawar Ria,4,2.75,,,0.36985,,0.4404,,
Restoran Sri Nyonya,41,3.341463414634146,0.21075,,0.3249985994397759,0.0,0.0,0.4404,0.0
Restoran Stadium Negara,15,3.533333333333333,,,0.15003624999999998,0.2873,0.0,0.35845,0.0
Restoran Star Chef,29,2.586206896551724,,,0.21864,0.0,0.2202,,0.0
Restoran Steamboat Lai Yong,1,3.0,,,0.2202,,,,
Restoran Sulam @ Restaurant Sulam,2,4.0,,,0.2202,,,,
Restoran Sun Heng Kee,1,3.0,,,,,,,
Restoran Super Kitchen Chilli Pan Mee,2,4.0,,,,-0.128,,,
Restoran Suria,6,3.0,,,0.09056666666666666,0.0,0.0,,
Restoran Sweet Inn,80,2.775,,,0.1943348,,0.0,-0.005299999999999999,0.0
Restoran Tajudin Nasi Briani,4,4.0,,,0.0,0.0,0.0,,
Restoran Tapai Tang,1,3.0,,,0.0,,,,
Restoran Tian Hua,2,4.0,,,,0.0,,,
Restoran Tong Sheng,177,2.5875706214689265,-0.01815,,0.18401507159221078,-0.1806,0.0,-0.17417058823529413,-0.007526767676767676
Restoran Vegas,4,3.25,0.4404,,0.17020000000000002,,,,0.6369
Restoran Wang Keng,1,2.0,,,0.2202,,0.0,,
Restoran Well Cook Gourmet,9,3.3333333333333335,,,0.03818,,0.0,0.0,0.0
Restoran Weng Heong,6,3.6666666666666665,,,-0.135575,,0.0,0.0,0.0
Restoran Wong Koh Kee,22,3.1818181818181817,,,0.18035,,0.0,,
Restoran Ya Wang 鸭皇药材烧腊大王,124,2.9193548387096775,0.0,,0.2017515503875969,0.0,0.050449999999999995,-0.14358888888888888,0.03905625
Restoran Yeo Sekeluarga,49,2.4285714285714284,0.21075,0.0,0.12276590909090909,-0.1589,0.0,-0.3369285714285714,0.0
Restoran You & Mee,1,4.0,,,0.1468,,,,
Restoran Yulek Wan Tan Mee,1,3.0,,,0.28595,,,,
Restoran Yusoof Dan Zakhir,125,2.704,-0.4019,0.042899999999999994,0.19488133116883113,0.2294,0.07485714285714286,-0.06566428571428572,0.0
Restoran Yusoof dan Zakhir,52,2.8461538461538463,0.0,0.0,0.21339357864357866,0.1468,-0.0683,0.28656363636363635,0.0
Restoran muara lalapan,14,2.7142857142857144,,,0.15978333333333333,0.0,0.15482500000000005,,0.0
Restorante Bella Italia Pizzeria,62,2.6129032258064515,0.2202,,0.20755698924731183,-0.2263,0.0,-0.05053680555555556,0.05505
Restourant Boston,23,2.8260869565217392,,,0.4133642857142857,-0.3612,0.0,,-0.12245714285714286
Retro Cafe & Grill,1,3.0,0.21075,,0.2202,,0.4404,,0.0
Ril's Bangsar,24,2.3333333333333335,0.0,,0.1765857142857143,0.1468,0.0,0.05983333333333334,0.0
Rimba Restaurant at Ambong Pool Villas,4,4.25,0.6249,,0.25605,,,0.4939,
Rimba at Ambong Pool Villas,21,4.0,0.0,,0.35849285714285717,0.5574,0.6249,0.28648125,0.2608833333333333
Rise & Shine by Tapestry,5,3.2,0.4967,,0.2879,,,0.0,0.0
River Cafe,4,3.0,0.4404,,0.0,0.6249,0.0,0.31245,
River View Cafe,26,3.423076923076923,0.056575,,0.17037,0.3818,0.0,0.256575,
River View Cafe Melaka,46,3.4782608695652173,0.0,,0.2366053086419753,,-0.044820000000000006,0.4374811111111111,0.0
Riz noms Restaurant,1,5.0,,,0.30623999999999996,,,,
Rock Bottom Bangsar,11,3.1818181818181817,0.20215,,0.3048166666666667,0.0,,0.08437291666666666,
Rock Bottom Changkat,20,2.6,0.0,,0.23039999999999997,,0.0,0.22047500000000003,0.2202
Rock Bottom Malacca,73,3.3698630136986303,0.24520714285714287,,0.32040070153061223,0.5106,0.1468,0.3390125,0.0
Rock Road Seafood Restaurant,26,2.769230769230769,0.0,,0.2262777777777778,0.0,-0.100475,0.1663,
Rock Salt Restaurant,35,4.228571428571429,0.5164333333333333,,0.24515909090909094,,0.3374333333333333,0.3879363636363636,0.0
Rocku Yakiniku,14,2.642857142857143,0.6249,,0.19777166666666668,,0.0,0.1962,0.21075
Rococo Cafe Restaurant,4,2.75,,,0.0,,,-0.09035000000000001,0.0
Roi Spoon,4,2.25,,,0.3856,,,0.4019,
Rojak N Cendol Padang Ipoh,10,2.7,,,0.0,0.0,,,0.0
Rojak kucei,4,3.75,,,0.3782333333333333,,,0.6249,
Rokko KL Japanese Grill Dining,9,2.6666666666666665,0.4215,,0.05171666666666667,,,0.46715,
Rong Mao Tea Restaurant,16,2.6875,,,-0.10846,,0.0,-0.050949999999999995,0.0
Roofino Skydining,16,2.875,0.28595,,0.24900454545454542,0.5232,,0.26395,
Rooftop 25 @ Hilton Garden Inn Kuala Lumpur,8,1.625,,,0.0,,0.0,-0.30455,0.0
Rooftop 25 Bar and Lounge KL,14,4.428571428571429,0.295025,,0.49807500000000005,0.5134,0.0,0.44997,0.2202
Rootian Seafood Restaurant 露天海鲜饭店,62,2.435483870967742,,,0.1986328947368421,0.2202,0.026838888888888895,-0.054863636363636364,0.0
Roots Bistronomy,4,3.25,0.4215,,0.1468,,,-0.015166666666666634,
Rosdet Tomyam,2,4.0,,,0.21075,,0.0,,
Rose Tea 2 Thai Food Restaurant,45,2.3555555555555556,0.2873,0.4404,0.07548911877394636,0.0,0.045457142857142856,0.2857166666666667,0.04788888888888889
Roslin Beriani House,1,2.0,,,0.0,,,,
Roti Canai Kayu Arang,8,2.5,,,0.2202,,,0.0,
Roy Thai Restaurant,2,2.5,,,,,,,0.0
Royale Songket,1,5.0,,,0.4215,,0.0,,
Ruai Bar,1,3.0,,,,,,,
Rubin Mardini Cafe & Restaurant,30,4.333333333333333,0.31245,0.5859,0.26606346153846155,,-0.025474999999999998,0.506355,0.0
Rubin Mardini Cafe Restaurant,3,4.333333333333333,,,0.047599999999999976,,,0.35705,
Rumpun Selera,1,4.0,,,,,,,
RunningMan Korea Restaurant,13,4.3076923076923075,,,0.2855166666666667,,0.0,0.320675,0.0
Rusty Bean & Batter,17,2.764705882352941,0.4404,,0.03433958333333333,,0.1468,0.21075,0.0
Ruyi & Lyn,12,2.6666666666666665,-0.1589,0.3612,0.14159857142857143,,0.0,-0.1147,0.0
Ryoshi Izakaya,2,5.0,,,0.0,-0.1806,0.0,0.4404,
S Sihat Kafe,4,3.0,,,0.3642266666666667,,,0.31245,0.0
S.Wine Café,28,3.0357142857142856,0.5232,,0.26260222222222224,,0.0,0.06533333333333334,0.14049999999999999
"SALOMA NASI LEMAK PANAS DAUN PISANG,LANGKAWI",12,2.5833333333333335,0.0,,0.19254,,0.0,,
SALUD Tapas Bar & Restaurant,65,3.276923076923077,0.380175,,0.23354720833333334,0.16566666666666666,0.1346,0.20314882352941174,0.12618000000000001
SCR Express @ Pending,25,2.08,,,0.055999999999999994,0.34,,-0.07713750000000003,
SD Caravan,1,3.0,,,0.0,,,,0.0
SDS Bakery & Cafeteria SDN. BHD,1,5.0,,,,,,,
SEASON,3,3.6666666666666665,,,0.19934999999999997,,0.0,0.2553,
SK Corner,9,2.5555555555555554,,,0.01971666666666667,0.0,0.3612,0.43095,
SKY 26,3,1.0,,,,,,-0.45175,
SOULed OUT Ampang,58,2.8448275862068964,0.46468750000000003,,0.23771666666666666,0.1468,0.2023,0.2102681818181818,0.0
SOULed OUT Bangsar South,33,2.393939393939394,0.22885,,-0.05312395833333334,0.2553,,0.24174791666666667,0.062490000000000004
SRK Noodle House,3,3.6666666666666665,,,0.4404,,,0.0,
SS Food and Beverage Station,2,3.5,,,0.4404,0.4404,,,
SSihat Kafe,13,3.6153846153846154,,,0.29455714285714285,,0.36819999999999997,0.27446666666666664,0.0
STG Bukit Ceylon,1,4.0,,,,,0.0,,0.0
STG Ipoh Oldtown,102,2.872549019607843,0.2890833333333333,0.0,0.1765063725490196,0.1468,0.1101,0.14226833333333333,0.1468
STG Tea House Cafe,149,2.825503355704698,0.3513,,0.13499442857142857,0.0,0.039775,0.051090322580645164,-0.062490000000000004
STREAT Thai,103,2.466019417475728,0.4893,,0.15368584992784992,0.4404,0.11247777777777777,0.13919583333333332,0.014450000000000001
SUPE - Georgetown Branch,28,4.0,,,0.2499359375,0.0,,0.1648777777777778,0.0
SUPE Bukit Bintang,1,5.0,,,0.17020000000000002,,,0.29295,
SUPE Vegan - Georgetown Branch,16,4.0625,0.4577,,0.16611666666666666,,,0.59215,0.0
SUSHI ZANMAI,6,2.0,,,0.021213333333333334,,,0.0,
SUUKEE The Original Hainanese Chicken Rice @ Jalan Song,70,2.4571428571428573,0.4404,,0.17218452380952382,,0.0,-0.2622611111111111,0.0
Saba Restaurant,9,1.8888888888888888,,,0.024804761904761902,,0.0,-0.08600000000000001,-0.3612
Sabayon,13,3.3846153846153846,-0.01840000000000001,,0.15126666666666666,,0.2023,0.31262,0.0
Sae Ma Eul Bbq,6,3.3333333333333335,0.0,,0.21737,,,0.31143333333333334,0.0
Sagar Restaurant,41,3.1951219512195124,0.38711666666666666,,0.15123741379310346,0.2202,0.14728,0.287584375,0.0
Sage Restaurant & Wine Bar,30,2.8666666666666667,0.16664166666666666,,0.13728645833333333,,0.1468,0.09986500000000001,0.0
Sahara Tent,17,2.6470588235294117,0.4763,-0.296,0.1262037037037037,,0.0,0.46245,0.0
Sahara Tent Restoran,15,2.933333333333333,0.4215,,0.10530833333333334,,0.6249,0.3551,0.17755
Sai Woo,27,3.0,0.5326500000000001,,0.22821176470588234,0.4019,0.2083,0.09410625,0.0
Saigon Bowl,53,2.811320754716981,0.43095,,0.09333755411255411,,0.0,-0.015849999999999975,
Saigon Cafe,35,2.4285714285714284,,,0.12221029411764706,,0.07543333333333334,0.0,
Saigon Station,5,3.0,,,0.1764,,0.0,0.014050000000000007,
Sakae Sushi,19,2.263157894736842,0.4215,,0.09236666666666667,,0.1591,0.026349999999999995,0.0
Sakura Fuji,2,3.0,,,0.0,,,,
Salsas Penang,30,3.7666666666666666,0.2844428571428571,,0.18577083333333333,0.6249,0.0,0.5112099999999999,0.0
Salt & Pepa,4,2.25,,,0.4215,,,,
Salud Tapas,73,3.0684931506849313,0.45269047619047614,,0.19609562500000002,0.264475,0.0,0.3713136363636364,
Sam Poh Restaurant,1,4.0,,,0.4404,,,,0.2202
Sam You Restaurant,77,2.987012987012987,-0.2202,,0.22653384615384617,,0.0,0.21227999999999997,0.0
SamFu Nyonya Restaurant,28,3.0,0.3215,,0.19804754901960783,,0.0,0.18875,0.04404
SamFu Restaurant,58,3.5517241379310347,0.4762142857142857,,0.18354193548387096,0.5106,0.0,0.35633,0.0
Samad Al Iraqi Restaurant,14,2.2857142857142856,0.43095,,-0.009402272727272726,0.0,0.18451666666666666,-0.11623000000000001,0.0
Samba Brazilian Steakhouse Avenue K,45,2.911111111111111,0.3661875,,0.27074017857142857,0.215475,0.19737333333333335,0.01814736842105263,0.04404
Sambal Hijau,14,3.357142857142857,-0.24695,,0.161195,0.0,0.0,,
Samira by Asian Terrace,34,2.9705882352941178,0.37994500000000003,,0.1347608,0.0,0.0,0.29147666666666666,0.0
San Francisco Coffee,1,3.0,,,,,,,
Sando Ramen Restaurant,9,2.5555555555555554,,,0.0,,,,
Sang Nyuk Noodle,3,2.6666666666666665,,,0.0,-0.3612,,,
Sanga Japanese Food,56,3.0357142857142856,,,0.13808387096774194,0.2202,0.13777857142857144,-0.0036799999999999945,0.0
Sangeetha,53,2.981132075471698,0.21075,0.0,0.183007183908046,0.09225,0.0,0.11149444444444444,0.0
Sangeetha Veg Restaurant,80,2.75,0.2202,0.4019,0.17605925925925925,,0.0,0.03127727272727272,0.0
Sanoook,9,3.111111111111111,0.43095,,0.12203571428571428,,,0.35705,
Santinos Miri,22,3.0,,,0.1468,,,0.1468,0.0
Santinos Pizza,5,2.4,,,0.07197777777777777,0.5859,0.2553,0.0,
Santorini Café,12,2.75,,,0.05428333333333333,-0.2263,0.0,,0.0
Sanuki Udon,8,3.5,0.4215,,0.1468,0.0,,,
Sao Nam,41,3.292682926829268,0.30601,,0.20108125,0.0,0.0,0.1791625,0.2294
Sarang,32,3.3125,0.5994,,0.19340833333333332,0.0,0.31551666666666667,0.276068,0.0
Sarang Cookery,14,4.357142857142857,0.16463333333333333,,0.25745384615384614,,0.4404,0.127775,0.0
Saravana Bhavan,36,2.9444444444444446,0.2202,,0.11338466666666668,,-0.0903,0.2452388888888889,0.0
Saravanaa Bhavan,39,2.9743589743589745,0.2202,,0.16665666666666665,,0.1468,-0.232,-0.4767
Sarkies,67,2.91044776119403,0.5048625,,0.11070092592592592,,0.4404,0.10294545454545455,0.0
Sarti Supperclub,5,5.0,,,0.51315,,0.0,0.6249,
Sassolino,1,5.0,,,,,,,
Satay Station,13,3.1538461538461537,,,0.07955,,-0.034,0.0,
Satay Zainah Ismail,2,4.5,,,,,,,
Satok Fly Over Cafe,6,2.6666666666666665,,,,,,-0.5423,
Sausage & Ribs Shack,3,4.333333333333333,,,0.08877499999999999,,0.45855,0.4939,
Sausage KL Cafe & Deli,70,4.3,,,0.31332,0.14049999999999999,0.24996000000000002,0.16271428571428567,0.2202
Savini Ristorante Italiano,8,3.125,0.33405,,0.10848333333333333,,,0.1516,0.0
Sayyid Antique & Cafe,25,3.76,0.6112333333333333,,0.27578571428571425,0.0,0.0,0.2562166666666667,0.0
Sbai-Sbai Seafood Restaurant,1,1.0,,,,,,,
Scr,12,2.5,,,0.2307,,0.07955,0.17475000000000002,
Sea terrace,4,1.75,,,-0.158,,,0.0,
Season's Cafe,1,1.0,,,,,,,
"Seasonal Tastes, The Westin Langkawi",9,2.3333333333333335,,,,,,-0.4767,
Seasons Cake House,31,1.903225806451613,0.4404,,-0.0073000000000000035,,0.05994000000000001,-0.29283333333333333,0.0
Seaworld Seafood Centre,4,2.25,,,0.0,0.33030000000000004,,-0.5423,
Secret Of Louisiana at the lake,132,2.371212121212121,0.28082727272727276,,0.13370603505291007,-0.01056666666666665,-0.0028083333333333385,0.021454999999999995,0.02718717948717949
Secret Recipe,17,2.823529411764706,,,0.11762083333333334,0.5719,0.31245,0.19496249999999998,
Secret Recipe @ Vivacity Megamall,39,2.0256410256410255,0.31070000000000003,,0.10087857142857144,,-0.5719,-0.2810666666666667,0.0
Secret Recipe PJ New Town,30,2.6666666666666665,,,0.19005999999999998,,0.0,-0.0433925,0.0
"Secret Recipe, Viva City Mall",1,3.0,,,0.0,,,,0.0
Secret of Louisiana,15,2.3333333333333335,0.21075,,0.09394374999999999,0.5326500000000001,0.0,0.22789285714285715,0.0
Sedap Corner Work & Gril,5,3.0,,,0.2873,,0.4404,0.0,
See Good Food Centre,17,3.1176470588235294,0.0,,0.20323636363636363,,0.0,-0.13985,0.0
Seetharam,15,2.533333333333333,,-0.296,0.022535000000000006,,0.2202,0.0843,0.0
Sek Tong,1,3.0,,,,,,,
Selera Rasa Segar,133,2.488721804511278,0.4404,,0.16423625,0.0,0.0,-0.1235654761904762,0.0
Selera Sri Tongkang,1,4.0,,,,,,,
Selera Sungai Chat,1,3.0,,,0.16885,,,,
Selvam,78,3.0384615384615383,0.0,-0.044233333333333326,0.10150393939393938,0.0,0.12576153846153845,0.0564325,0.0954
Selvam Restaurant,217,2.5483870967741935,0.4019,-0.23835,0.16179780701754387,0.0,-0.007966666666666667,-0.04613290598290598,0.07945
Seng Huat,13,2.6153846153846154,,,0.47920999999999997,0.4215,,0.5719,
Seng Steam Fish,1,3.0,,,,,,,
Seng Steam Fish Restaurant,32,3.3125,0.4939,,0.19944893048128343,,0.2202,0.019378571428571436,0.0
Senja Italian Restaurant,12,3.5,0.6249,,0.30643333333333334,,,0.163104,
Senja Restaurant @ The Saujana Hotel Kuala Lumpur,8,3.125,0.5719,,0.21742,,,-0.5423,
Senju Tei Japanese,2,3.0,0.5106,,0.3182,,0.0,0.0,
Senya Izakaya Publika,16,3.0625,,,0.2200625,0.0,0.4404,-0.373925,0.0
Senya Sake & Dining,12,2.4166666666666665,,,-0.0016687499999999966,0.0,0.0,-0.31788333333333335,
Senya Sake and Dining - CLOSED,15,3.533333333333333,0.0,,0.344175,0.39505000000000007,0.0,0.09908333333333334,
Seoul Garden,1,4.0,,,,,0.0,,
Seoul Garden Miri,1,5.0,,,0.4404,,,0.6249,
Seoul Pocha,1,3.0,,,0.2263,,,,
Sepinang Sari Cafe & Restaurant,2,5.0,,,0.3991,0.0,,,0.6369
Sepiring,1,4.0,,,,,,,
Serapi Garden Cafe,55,3.0545454545454547,0.38922,0.4019,0.1291826923076923,,0.0,0.029500000000000005,-0.05135
Serapi Virgin Coconut Milk Shake,54,3.4814814814814814,0.4404,,0.2627,-0.1027,0.0,0.24695,
Serena Brasserie,59,3.016949152542373,0.3421,,0.09483106666666666,0.0,0.1468,0.397275,0.0
Serendib Restaurant & Bar,5,4.0,,,0.1833375,-0.2023,,0.4577,
Seven Oaks Bakery Cafe,1,3.0,,,0.296,,,,
Sha Sha Restaurant,1,5.0,,,0.28595,,,,
Shaaz Curry House,4,3.0,,,0.5574,,,,
Shabu X,1,3.0,,,,,,,
Sham Char Kuey Teow 696,3,3.0,,,-0.14165000000000003,,0.0,,
Sham's Cooked With Love,7,3.7142857142857144,0.3182,,0.09643333333333333,,0.4404,,
Shan City Kopitiam,38,3.210526315789474,,,0.29341666666666666,,0.0,-0.016133333333333333,0.0
Shang Palace,61,3.1639344262295084,0.23371499999999998,,0.18846311403508773,,0.39893333333333336,0.17352277777777778,0.0
"Shang Palace, Shangri-La Hotel, Kuala Lumpur",35,2.6285714285714286,0.4341,,0.03132857142857143,,0.0,0.04868125,0.0
Shanghai,16,3.1875,0.033716666666666666,,0.017298611111111112,0.4404,0.4404,0.39365,0.0
Sharing Plates,4,1.5,,,0.01636666666666668,,,-0.4588,
Shawarma Al-siddiq,2,5.0,,,,,,,
Shawarma Damascus,8,3.25,,,0.24616666666666664,,,0.28400000000000003,
Sheesh Mahal,20,3.2,0.21075,,0.13805740740740738,,0.0,0.21705,0.0
Shell Out,9,3.0,0.6249,,0.304,0.0,0.0,0.35142,
Shell Out - Setia Alam,7,3.0,,,0.24916666666666668,,0.1909,0.27225,
Shell Out®,88,2.7613636363636362,0.5232,,0.15518623188405797,,-0.09866666666666667,0.5107428571428572,0.0
Shihlin Taiwan Street Snacks,1,3.0,,,0.0,,,,
Shin Mi Seafood Village,37,2.864864864864865,0.4215,,0.2015535294117647,,0.05303333333333333,-0.007319999999999993,0.0
Shin Nihon,4,2.5,,,0.25217500000000004,,,0.0,
Shinjuku Japanese Cuisine,25,2.6,0.5326500000000001,,0.2116107142857143,,0.0,0.075,0.0
Ship,32,2.75,0.1392125,,0.11194868421052633,0.0,0.08895,-0.03495,0.0
Shisha Lounge,22,2.4545454545454546,-0.00788571428571429,,0.2288888888888889,0.2936,0.0,-0.23678333333333335,-0.3612
Shook!,83,2.7710843373493974,0.319685,0.5574,0.16509645833333333,-0.051100000000000007,0.091075,0.1379475,0.0
Shucked,3,4.333333333333333,,,,,,0.0,0.0
Shucked Oyster and Seafood Bar,24,3.0416666666666665,0.6249,,0.18352499999999997,0.4215,0.2202,0.44735,0.0
Shui Xian Su Shi Yuan Vegetarian,27,2.962962962962963,,,0.2286653846153846,,0.0,-0.27104,0.0
Shui Xian Su Shi Yuan Vegetarian Food,8,4.0,0.4215,,0.24256666666666668,,0.30915000000000004,0.0,
Shun Fa Bak Kut Teh Restaurant,1,5.0,,,-0.1027,0.4404,0.0,,
Siam House Restaurant,25,1.88,0.28099999999999997,,0.19728454545454543,,0.11315,-0.131275,
Siam House Thai Restaurant,3,2.3333333333333335,0.6249,,-0.11322222222222224,,0.6249,-0.4767,
Siam Road Charcoal Char Koay Teow,78,3.0641025641025643,0.4019,,0.10125999999999999,-0.5106,0.06364,0.23583333333333334,0.05103478260869565
Sid's Pub @ Jonker’s,73,2.8767123287671232,0.32123333333333337,,-0.12276718750000001,0.5229,-0.1072,0.06465294117647058,0.0
Sid's Pub at Jonker's,75,2.8666666666666667,0.33286818181818184,0.4019,-0.08766323529411765,0.47751363636363636,0.0,0.2416369565217391,0.0
SideWalk,23,3.347826086956522,,,0.39164090909090904,0.0,,0.50615,
Sidewalk Cafe,3,1.3333333333333333,,,-0.24695,,,-0.6249,
Silver Spoon,4,2.5,,,0.0,,0.0,,
Simple Life,9,3.3333333333333335,,,0.10293674242424242,,0.0,0.30696666666666667,
Simple Life Healthy Vegetarian Restaurant,1,3.0,,,0.4404,,,,
Simple Life Signature Pavilion Elite,3,2.6666666666666665,,,0.10459444444444443,,,,
Simple life,5,3.6,,,0.16809166666666667,,,,0.0
Simply Green Salad Gallery,6,3.1666666666666665,,,,,,0.4939,
Simply Ribs,2,3.5,,,,,0.296,,
Simply Thai,2,4.0,,,0.43095,,0.0,,
Sin Hui Bin Restaurant,2,2.5,,,,0.0,,0.4404,0.0
Sin Hup Kee Restaurant,60,2.8833333333333333,,,0.2557361111111111,-0.3612,-0.01111875,-0.176525,0.0
Sin Kee Restaurant,26,2.8076923076923075,0.4404,,0.19954500000000003,-0.1806,0.156225,-0.22465000000000002,0.0
Sin Wei Tong Cafe,3,4.0,,,,,0.5326500000000001,,
Singgah Seafood,14,3.9285714285714284,,,0.35372499999999996,0.0,0.0,0.2202,
Singh Chapati House Sdn Bhd,14,2.857142857142857,,,0.03412857142857144,,,0.0,0.0
Sion Dining & Bar,6,2.3333333333333335,0.2023,,-0.0121,,0.0,0.02561666666666666,
Sip's,1,3.0,0.0,,,,,,
Sips & Bites Cafe,1,5.0,,,,,,,
Sirocco Restaurant,41,3.341463414634146,0.3212,,0.1541035294117647,,0.0,0.4186038461538462,0.31245
Sisan Restaurant,26,2.5,0.5486,,0.01725791666666666,,-0.016250000000000004,0.4404,0.0
Sister Noodles,1,3.0,,,,,,,
Sisters BBQ Korean Family Restaurant,30,3.8,0.395675,,0.15689411764705882,,0.03610000000000001,0.42750000000000005,0.2202
Siti Li Dining,6,2.6666666666666665,0.0,,0.21075,0.0,0.4404,-0.3454,0.05777500000000001
Sitka Restaurant,23,2.739130434782609,0.0,,0.10969625000000001,,0.0,0.06193333333333333,
Sizzle Dining & Bar,1,1.0,,,,,0.0,,
Sizzling Stonegrill,11,2.6363636363636362,0.2202,,0.0009499999999999945,,0.1468,0.0,0.0
Skillet KL,224,3.3392857142857144,0.37937115384615383,,0.21577254218222722,-0.14461333333333332,0.13317777777777776,0.29255357142857147,-0.02408
Skull beach cafe,4,1.25,,,-0.5423,,,-0.4588,
SkyBar Bar & Restaurant,21,2.380952380952381,,,0.25267142857142855,0.0,,0.24192857142857144,0.0
"Skybar, Bar & Restaurant",25,2.72,0.166275,,0.1606,0.0,,0.4028583333333333,0.0
Skycup Bistro,5,2.4,,,-0.47135000000000005,,,-0.4767,
Sköhns Canteen,67,3.462686567164179,0.2202,,0.1779827380952381,0.0,0.23103,0.1907125,0.0
Smiley's,5,2.6,,,0.14365,,,0.4939,
SmokePapa BBQ,3,4.666666666666667,,,0.20095,,0.0,0.6249,
Smokepapa BBQ,1,5.0,,,0.4404,,,,
Snack19 (Bistro Bar),9,3.4444444444444446,,,0.25095,,,,
Snow City Desserts,4,2.75,,,,,0.0,0.46715,0.0
Social House Thai Cuisine,1,3.0,,,0.6249,,,,
Sodam Korean BBQ Restaurant,22,2.6818181818181817,,,0.21822083333333334,,0.0,0.0,0.0
Sodam Korean BBQ restaurant,2,3.5,,,0.4404,,,0.35875,
Sofia Bistro & Bar,1,1.0,,,,,,,
Soi 55 Thai Kitchen,3,2.3333333333333335,0.0,,0.0,,,,
Soleil,1,1.0,,,-0.15293333333333334,,,,0.0
Sombrero Foods,2,2.0,,,0.26953333333333335,0.0,,,
Song Station,4,3.75,,,,,,,
Soon Wah Seafood,1,3.0,,,,,,,
Sopoong,10,3.3,,,4.999999999999449e-05,0.0,0.2202,0.15571666666666667,
Sotong Bakar,1,4.0,,,,,,,
Sou Omakase Dining,7,3.142857142857143,0.21075,,0.18964999999999999,,0.0,0.43095,
Sou Omakase Dining - Gardens Mall Mid Valley,23,2.739130434782609,,,0.2561714285714286,,0.3395,0.07833333333333332,0.0
Soul Cafe,50,3.54,0.270525,,0.3240846666666667,,0.0,0.39758,0.0
Soul Thai Restaurant and Bistro,4,1.25,,,0.08753333333333331,,,,
Souled Out,84,2.5833333333333335,0.237675,,0.13852386904761904,0.34186,0.07525454545454546,0.16649010416666665,0.01835
Souper Tang,30,2.2,,,0.03723541666666667,,-0.27115,-0.08465,0.0
Soupy Licous,1,3.0,,,0.0,,,,
South Sea Seafood,35,2.7714285714285714,0.2750333333333333,0.4019,0.11260972222222224,0.0,0.0972625,-0.10638,0.1101
Southern Court Chinese Restaurant,5,3.4,,,0.2804,,,0.38744999999999996,
Southern Court Restaurant,1,5.0,,,0.2202,,,,
Southern Rock Seafood,134,2.7686567164179103,0.17238,,0.17429258620689653,-0.0929,0.084175,0.281446875,0.0
Sozo Japanese Cuisine,1,3.0,,,,,,,
Spazzo Cafe Katerina Hotel Batu Pahat,1,3.0,,,,,,0.0,
Spice & Rice,74,2.0135135135135136,0.43095,,0.09723603603603603,0.0,0.0,-0.30929545454545454,0.0
Spice Garden,34,2.676470588235294,,,0.07916515151515152,,0.156225,0.026135714285714286,
Spice Grill,79,3.1772151898734178,0.4451416666666667,,0.23403366402116405,0.29295,-0.022533333333333332,0.160035,0.0
Spice King Restaurant,1,4.0,,,,,,0.0,
Spice Market Cafe at Shangri-La's Rasa Sayang Resort and Spa - Penang,24,2.7916666666666665,,,0.17238,,-0.4767,0.13087499999999996,
Spice Market Restaurant,15,2.933333333333333,0.43095,,0.068475,0.4404,,0.01755000000000001,
Spice Pisa Cafe,64,3.265625,,,0.13560789473684212,,0.04326111111111111,-0.2821,0.0
Spice Villa,31,3.032258064516129,0.37615,,0.18404333333333334,,0.0,0.33622857142857143,0.0
Spicy Crab,1,3.0,0.2263,,,,,,
Splash,4,4.0,,,,,,0.0,
Spoon Cafe,7,2.0,,,0.0731,,,-0.078875,
Spoon Cafe & Restaurant,56,2.5,0.0,,0.0617105,,0.0,0.008979166666666668,0.0
Sri Aryaa Bahvan,1,2.0,,,,,,0.14049999999999999,0.0
Sri Krung Thep Restaurant,1,3.0,,,,,,0.0,
Sri Nirwana Maju Restaurant,47,3.106382978723404,0.0,0.4404,0.16653534482758622,0.14049999999999999,0.1832,0.0981,-0.0038666666666666663
Sri Nirwana Maju Restaurant - Bangsar,175,2.8285714285714287,0.099725,,0.16698220760233917,-0.1788,0.030703846153846154,0.03103787878787879,0.016164285714285714
Sri Paandi Bukit Bintang,11,2.3636363636363638,,-0.34175,0.3339035714285714,,0.05303333333333333,0.24459999999999996,0.0
Sri Weld Food Court,15,3.8,0.5106,,0.20398125,,0.0,-0.39280000000000004,
Star Chef Seafood Restaurant Gelang Patah,1,3.0,,,0.0,,0.0,0.4939,
Star Deli,7,3.0,,,0.0,,,0.46715,
Station Kopitiam,4,1.75,,,0.0,0.4404,0.2202,-0.01840000000000001,
Station One,12,2.25,0.0,,0.21075,,0.0,0.22825,0.0
Station One Miri,1,2.0,,,0.1147,,,,
Steaks & Lobsters,14,2.7142857142857144,0.4215,,0.02382916666666666,0.0,-0.01815,0.45622857142857143,0.0
Steam Era Seafood Steamboat Restaurant,4,4.0,,,0.0,,,0.4939,
Stew Maria,1,3.0,,,,,,,
Stoked Restaurant & Bar,10,3.2,0.4019,,0.15057,,,,
Storia Cafe,2,3.0,,,0.0,0.0,,,
"Storia Cafe 【士多利茶餐室】Nasi Lemak,Mee Siam,Otak Otak",23,3.347826086956522,,,0.11423958333333334,,,,0.0
Strato,45,2.8444444444444446,0.41425833333333334,,0.27152333333333334,0.0,0.26632500000000003,0.18372254901960783,-0.020085714285714287
Su Nasi Kandar GP,1,3.0,,,0.5106,,,,
Suasana On 18 Fine Dining,3,4.333333333333333,0.07955,,0.38163571428571424,,,0.0,0.5326500000000001
Suasana On 18 Fine Dining Restaurant,5,2.6,,,,,,0.1801,
Suasana Suites Cafe Johor Bahru,3,4.333333333333333,,,0.50615,,,0.4939,
Subaidah,6,2.3333333333333335,,,0.23385,,0.0,0.0,
Subang Chili's Bar and Grill,14,2.2857142857142856,0.4215,,0.09802314814814815,,-0.05135,-0.073075,0.4588
Subway,30,3.066666666666667,0.2023,,0.11006374999999999,,0.1101,0.21403333333333333,0.0
SugarBun Pending,2,3.5,,,0.17576666666666665,0.4404,,0.296,0.0
Sukhumvit,1,3.0,,,0.105375,,,,
Summit Cafe,2,4.0,0.0,,0.39605,,,,
Sun Cafe,188,3.4148936170212765,0.45625499999999997,0.2961,0.24576369593709044,0.253075,0.10927857142857143,0.35493377192982456,0.0
Sun Fong Bak Kut Teh,21,2.9523809523809526,,,0.0927913888888889,0.4404,-0.064,0.1468,0.0
Sun Hong Muk Koot Tea,2,1.5,,,0.2202,,-0.2732,,
Sun Kok Kee Restaurant,31,2.6451612903225805,-0.060275,,0.09624545454545454,,-0.098575,-0.050949999999999995,
Sun Kok Kee dim sum,8,2.75,0.4404,,0.0,,0.0,-0.5423,0.0
Sun Marpoh Restaurant,105,3.5428571428571427,,,0.21917457627118644,0.2202,-0.04521176470588235,-0.052910000000000006,0.0
Sun May Hiong Satay House,171,2.6315789473684212,0.0,,0.09199538152610441,0.24546666666666664,0.1101,-0.0659375,0.0
Sun Yeong Wai,8,4.5,,,0.11247777777777777,,0.0,0.4404,
Sunday Restaurant,5,3.2,,,0.4215,,,,
Sung Heng Cafe,4,4.0,,,0.0,,,,
Sungai Pinang Food Court,79,3.0632911392405062,,0.0,0.07682440860215053,0.0012555555555555514,0.1471,-0.5423,0.0
Sunrise Breakfast Café,3,4.0,,,0.21075,,,,
Sunrise Cafe,1,5.0,0.4939,,0.4404,,,0.0,
Sup Hameed,116,2.560344827586207,0.6249,-0.27115,0.1882959349593496,0.17265714285714287,0.11768,-0.17333928571428572,0.0
Super Saigon Sri Hartamas,6,3.6666666666666665,,,0.10615000000000001,,0.0,0.2263,0.0
Super Tanker Food Court,80,2.95,,0.2202,0.14163444444444445,0.2486666666666667,0.0,0.1468,0.0
Superb Cuisine,1,1.0,,,,,0.0,,
Supperclub KL,9,4.222222222222222,0.2202,,0.4206071428571429,,0.3654833333333333,0.3986375,0.6249
Supreme BBQ Steamboat,1,2.0,,,,,,,0.0
Supreme Chicken Rice,1,3.0,,,0.4404,,0.4767,0.4404,
Surabaya Restoran,4,2.75,0.0,,0.0,,,-0.3612,
Suraya Seafood,8,2.875,0.6249,,0.38126666666666664,,0.0,0.039599999999999996,
Surf & Turf,3,3.3333333333333335,,,0.2202,,0.0,,
Surf & Turf Fusion Dining,8,3.875,,,0.393975,,0.0,0.0,
Suriyan Kitchen,1,1.0,,,-0.050949999999999995,,,,
Sushi Azabu,7,2.7142857142857144,0.4404,,-0.004458333333333332,0.0,0.6249,0.14049999999999999,0.0
Sushi Go,2,5.0,,,0.5232,,0.0,0.5103,
Sushi Hibiki,16,4.5625,0.5106,,0.266122619047619,,0.263,0.4404,0.0
Sushi House,1,3.0,,,,,,0.4939,
Sushi King,39,2.2564102564102564,,,0.06574,,0.2202,-0.5698333333333333,0.0
Sushi King AEON Bukit Indah,1,2.0,,,0.0,,,0.0,0.0
Sushi King The Spring,7,2.7142857142857144,,,0.2263,,,-0.27115,
Sushi Mentai,96,3.0625,-0.08895,-0.5095000000000001,0.2246701612903226,0.4404,0.145421875,0.15670961538461536,0.0
Sushi Oribe,24,3.9166666666666665,0.21075,,0.14763333333333334,,0.42060000000000003,0.24412499999999998,0.0
Sushi Tei,8,2.875,,,0.09520051020408163,,0.0,0.148,0.0
Sushi Tei @ Ipoh Parade,16,1.875,0.4215,,0.16620000000000001,,0.03610000000000001,-0.01472,0.0
"Sushi Tei, Pavilion Kuala Lumpur",30,2.4,,,0.12930059523809523,,0.36819999999999997,0.04095833333333334,0.0
Sushi Zanmai,69,2.5217391304347827,0.300975,-0.4767,0.17111581196581196,0.4404,0.25426818181818184,0.041051984126984124,-0.015472727272727275
Sushi Zanmai Miri,27,2.8518518518518516,0.3452,-0.3089,0.265551,,,0.21757142857142858,0.0
Sushi Zanmai Vivacity Megamall,73,2.835616438356164,0.233575,,0.2341857142857143,,0.0,-0.14990625000000002,0.047725
Sushiya One Utama (Ichiro Sushi Bar),48,2.75,,,0.20762875,0.0,0.21230000000000002,-0.0896857142857143,0.1468
Suukee,2,2.5,,,0.0,,,,
Suukee Kuih Buih Restaurant,1,3.0,,,0.0,,,,
Suukee Satay Melaka,4,2.5,,,,0.0,,0.3612,
Suukee Satay海南沙爹,33,3.242424242424242,,,0.09009285714285713,0.4404,0.0,0.44789999999999996,0.0
Suzi's Corner,56,3.017857142857143,0.6249,,0.20381666666666667,-0.11315,0.24437777777777775,0.04495666666666666,0.0
Swaadisht,2,3.0,0.43095,,,,,0.4939,
Swatches,3,3.6666666666666665,,,0.3452,,,0.0,
Swee Yen Restaurant,3,4.0,,,0.4215,,0.0,,0.0
Sweetwater Mediterranean Bar & Grill,36,2.8055555555555554,,,0.25464305555555555,,0.0,0.16544,0.2083
Sweetwater Restaurant,14,3.0714285714285716,,,0.34879,0.43095,0.0,0.2578472222222222,
Swez Brasserie,5,2.6,,,0.07955,,,0.059299999999999985,
Swood Smokehouse Texas BBQ,31,3.7096774193548385,,,0.136085,,0.1468,0.45525,0.0
Symphony by Chef Jo,4,3.25,,,0.5719,,0.0,0.5719,
T-Bowl Restaurant,2,2.5,0.0,,0.0,,,,
TEMPTationS,49,3.3469387755102042,0.2202,,0.08493571428571427,0.0,0.19576,0.34289545454545456,0.0
TENMAYA Japanese Cuisine,24,3.25,,,0.24876111111111113,,0.0,0.123475,0.0
TGI Friday,40,2.4,0.2873,,0.12583285714285714,,0.11438,0.023749999999999993,0.0
TGI Fridays Sunway Pyramid,24,2.5416666666666665,,,0.206784375,0.0,0.0,0.39111904761904764,0.0
THE BAR°N @ Pavilion KL,7,3.4285714285714284,,,0.05033333333333334,,0.4404,-0.0677875,
"THE CLIFF RESTAURANT, LANGKAWI",104,2.5384615384615383,0.08762142857142856,0.0,0.1920981884057971,0.4334444444444444,0.0,0.1145420634920635,0.0
THE HILLSIDE,39,3.3076923076923075,0.45325714285714286,,0.18015,,0.0,0.23229444444444447,
THE TOKYO RESTAURANT.,80,3.3125,0.28796428571428573,0.5106,0.2157938565340909,0.5466500000000001,-0.09966428571428572,0.23212514285714284,0.0714875
THIRTY8,139,3.0431654676258995,0.24876666666666666,,0.23845912500000002,0.1958681818181818,0.14527,0.14389579710144929,0.04085
"THIRTY8 Restaurant, Bar & Lounge",134,2.970149253731343,0.38847,,0.16057168498168498,0.11717999999999999,0.4404,0.17338846153846155,0.11142777777777778
TJ Haus,3,3.3333333333333335,,,0.2202,0.0,,,0.0
TOUAN Japanese Restaurant,2,4.0,0.6249,,0.4404,,,,
TRACE Restaurant and Bar - Element by Westin Kuala Lumpur,68,2.514705882352941,0.42750000000000005,,0.04513375000000001,0.0,0.25286666666666663,-0.14001818181818182,0.0
TTDI Meat Point Steakhouse,11,3.5454545454545454,0.5267,,0.11191,0.4404,0.1815,0.3977,
TUCK KEE RESTAURANT SDN. BHD.,114,2.8771929824561404,0.35755,0.0,0.26860541666666665,,-0.0026749999999999994,-0.16849230769230772,0.0
TWG Tea at Pavilion KL,47,2.5319148936170213,0.4404,,0.11555568181818182,0.0,-0.11016,-0.032744117647058826,0.17712499999999998
Ta Wan Kung,51,3.3137254901960786,,,0.161625,,0.0,0.1101,0.0
"Taang Shifu, City Square",5,2.8,,,0.0,,,-0.016983333333333333,0.0
Table & Apron,45,3.8444444444444446,0.2202,,0.17207458333333334,-0.2263,0.2083,0.4124166666666667,0.0
Table 23,9,3.3333333333333335,0.5719,,0.1468,,0.0,0.5328999999999999,
Table9,74,3.4864864864864864,0.3320333333333333,,0.21895657894736842,-0.15463333333333334,-0.148,0.40460769230769233,0.0
Tabushi ramen,22,2.8181818181818183,,,0.04933333333333333,,,0.4404,
Tai Son Seafood Restaurant,65,2.8923076923076922,0.0,,0.07885555555555555,0.04074999999999998,-0.040183333333333335,-0.03294375000000001,0.0
Tai Son Seafood Restaurant - The Zon,7,2.7142857142857144,0.2023,,0.2014,,0.0,-0.040874999999999995,
Taiwan Grace Cafe,1,3.0,0.5106,,0.2202,,0.3182,,
Tajuddin Hussain Nasi Kandar,61,3.278688524590164,,0.0,0.2489925925925926,0.156225,0.08505,0.19613333333333335,0.0
Taka,8,3.625,0.4404,,0.19640833333333332,,,0.0,0.0
Tamara’s,51,2.6470588235294117,,,0.19683416666666667,,-0.028499999999999994,0.10860625,0.0
Tamarind Springs By Samadhi,96,2.9791666666666665,0.3352217391304348,0.4404,0.15292229508196722,0.27368,-0.12716,0.0894768817204301,0.0
Tames Cafe,1,4.0,0.0,,0.28595,,0.5719,,
Tan Ngan Lo Herbal Tea Cafe,2,2.0,,,0.0,,,,
Tan Sam Guan Sea Food,4,4.5,,,0.28099999999999997,,,0.0,
Tanah Aina Cafe,11,2.727272727272727,0.45925,,0.18704583333333333,,,0.21398333333333333,0.0
Tanba Japanese BBQ - Twin Galaxy,2,4.0,0.4215,,0.2202,,,0.24695,
Tanba Yakiniku (Twin Galaxy),25,2.52,,,0.07672166666666667,,0.1101,-0.09871857142857142,0.0
Tandoor Grill,154,3.3506493506493507,0.39509791666666666,0.4019,0.2702047619047619,0.2679333333333333,-0.0637470588235294,0.23147727272727273,-0.04019
Tandoor N Grill,2,3.0,,,0.11611666666666662,,,0.4939,
Tangerine,6,3.5,0.4939,,0.30295,0.0,,0.30106666666666665,
Tanjong Seafood Restaurant,10,3.4,,,0.3552166666666667,0.0,0.22624999999999998,,
Tanjung Bungah Nyonya,48,3.1875,0.21075,,0.19789954545454547,,0.05505,-0.12040000000000001,0.0
Tao Chinese Cuisine,15,2.8666666666666667,0.31245,,0.20848333333333333,0.0,0.5106,0.14604666666666666,-0.4767
Tapaz,46,2.9130434782608696,,0.4939,0.33575578947368423,0.4893,0.14366666666666666,0.13168846153846153,0.1101
Tappers Cafe Melaka,4,1.75,,,0.09075000000000001,,0.0,,
Tarbush Restaurant,8,2.25,,0.0,0.30473666666666666,,,,0.0
Tarbush Starhill,49,2.836734693877551,0.356,,0.1735354531490015,0.3612,0.1101,0.06943333333333333,0.1147
Tarma Iraqi Street Food,3,3.6666666666666665,,,0.284925,,,,
Tasixi Hong Kong Dim Sum,113,2.7610619469026547,,0.2263,0.045961363636363634,0.0,0.14260333333333333,-0.06057142857142856,0.0
Tasixi Restaurant,3,2.6666666666666665,,,0.0,0.0,,,0.0
Taste Better,30,3.2666666666666666,0.4215,,0.07111428571428571,-0.3612,0.08778333333333332,,0.0
Taste Better Original One Bite Durian puff,31,3.2580645161290325,,,0.09895000000000001,,0.0,,
Taste of Asia,5,2.6,,,0.2202,,,0.4391,
TasteBud,6,3.5,,,0.19063333333333332,,0.0,0.07539333333333333,0.0
Tasty Chapathi Restaurant - KL,33,2.9393939393939394,0.43662,,0.12735555555555556,,0.0,0.12480500000000001,0.0
Tasty Kuih Nyonya,1,3.0,,,,,,,0.0
Tasty Point (1),9,1.8888888888888888,,,0.07636,,,,
Tasty point 1,3,3.6666666666666665,,,,,,,
Tate,5,4.0,0.4215,,0.0,-0.05135,0.0,0.31143333333333334,
Tatsu Japanese Cuisine,13,2.923076923076923,0.4404,,0.0874875,,,0.08779999999999999,0.0
Tatto,30,3.5,0.417825,,0.310296875,,0.17606000000000002,0.297853125,0.0
Tea Garden City Square,2,2.5,,,0.0,,,,
Tea Kadai,72,3.2777777777777777,0.4215,,0.15321535714285714,0.0,0.0,-0.176425,0.2553
Tea Lounge at WEIL,1,2.0,,,,,,,
Teels Heritage Cafe,14,3.4285714285714284,0.33825,,0.4333,,,,
Tek Kee Noodle House,11,3.4545454545454546,,,0.12197777777777777,-0.13787500000000003,0.5719,0.43567500000000003,
Tek Sen Restaurant,173,3.6416184971098264,-0.01767500000000001,,0.21162138164251207,0.0,0.10553478260869564,0.18764107142857142,0.019159090909090907
Teluk Pulai Bak Kut Teh,26,3.1153846153846154,,,0.09300000000000001,-0.26605,0.0,0.27525,0.0
Temptations Kitchen + Bar,25,3.48,0.2764666666666667,,0.2202,,0.1779,0.42779999999999996,0.2202
Ten Here Cafe,1,1.0,,,,,,,0.0
Ten Years,1,1.0,,,,,,,
Ten-Good Japanese Restaurant,20,2.15,,,0.08808,,0.2202,0.0784,
Teng Long Food and beverage management sdn bhd Bhd,32,2.375,,,0.2859607843137255,0.0,0.0,-0.050949999999999995,0.0
Tenmaya Japanese Cuisine,7,4.142857142857143,,,0.0,,,0.0,
Teo Chew Bak Kut Teh,14,3.4285714285714284,,,0.39605,,0.0,0.5106,0.2263
Teo Seafood,35,2.4857142857142858,0.4404,,0.0611625,0.4404,0.05303333333333333,-0.033966666666666666,0.0
Teo Soon Loong Seafood Restaurant,108,2.6481481481481484,0.061500000000000006,-0.4767,0.14378871527777778,0.030107142857142857,0.0820142857142857,-0.04849270833333334,0.060200000000000004
Tepian Tebrau,6,3.1666666666666665,,,0.0,-0.2263,0.0,0.0,
Teppanyaki,7,3.142857142857143,,,-0.05748333333333334,,,0.4404,0.0
Terragrill Satay Cafe,7,3.5714285714285716,,,0.0,,,,
Texas Chicken,4,3.75,,,0.142975,,,0.4404,0.0
Tg's Nasi Kandar,104,3.7115384615384617,0.008599999999999997,,0.25260018978605936,0.0,0.21544000000000002,0.32882972972972974,0.0734
Thaali,3,2.6666666666666665,,,0.2202,,,0.0,0.0
Thaali Punjabi Restaurant,20,2.95,,,0.19783333333333333,,0.1591,,
Thai Chef Seafood Restaurant,8,2.125,,,0.11111666666666668,,0.0,,
Thai Express,5,2.0,,,0.0,,0.296,,
Thai Hou Sek @ 1 Utama,93,2.5376344086021505,0.42622499999999997,,0.09848295454545455,0.4404,-0.00605,-0.047130769230769226,0.0
Thai Mookata Steamboat Ipoh,29,3.0,,,0.26589999999999997,,0.1591,0.25101249999999997,
Thai SYok Seafood Restaurant 泰爽辣泰式海鲜餐厅,1,4.0,,,,,,,
"Thai Thai, Sunway Pyramid",125,2.544,0.2550357142857143,,0.1648792372134039,,0.01835,-0.1520111111111111,0.0
Thai Tuk Tuk,14,3.0,,,0.06482045454545454,0.6249,,0.24695,
Thai2eat Restaurant,1,2.0,,,0.0,,,,
Thaj Bistro,2,3.0,0.0,,0.2202,0.4404,0.0,0.0,
Thali-NR Sweets Cafe,74,2.608108108108108,,,0.13754833333333333,,0.0,-0.20293333333333335,0.0
Thanh Thao Cafe,22,2.8636363636363638,0.0,,0.3061111111111111,,0.0,-0.4939,
The Apartment,60,2.6,0.2795666666666667,,0.17141641414141415,0.34555714285714284,0.1741,0.087108,0.0
The Argan Trees Restaurant,15,4.0,0.6124,,0.18669181818181818,,,0.4110309523809524,0.28595
The Argan Trees Restaurant-Moroccan and Mediterran- Restaurant Langkawi,44,4.136363636363637,0.0,,0.2524872222222222,,0.0,0.5067363636363637,0.156225
The Attic,5,3.6,,,0.03571428571428571,0.0,,-0.01815,
The BAR°N @1 Mont Kiara,29,2.2758620689655173,0.343125,,0.052337962962962954,0.07136666666666668,0.0,0.123705,0.0
The BBP,48,3.5625,0.21075,,0.27431333333333335,0.0,0.0,0.34202333333333335,0.08808
The Baboon House,203,3.9261083743842367,0.3777317073170732,,0.30933930597771025,-0.013325,0.1661404761904762,0.33043214285714284,0.008488461538461538
The Back Cafe,4,3.25,,,,,,,
The Banana Leaf Kitchen,64,2.875,0.29191666666666666,0.0,0.16315514705882353,0.0,0.18483333333333332,0.31109487179487183,
The Base BBQ,1,5.0,0.6249,,,,,0.4939,
The Beach Club,7,2.2857142857142856,,,0.35705,,0.0,0.20346666666666668,
The Beach Grill,16,3.75,0.0,,0.18401142857142855,0.6249,-0.4767,0.5986,0.4404
The Beato Aged Steakhouse,39,3.128205128205128,0.3781333333333334,,0.11384015873015872,0.0,0.156225,0.1730611111111111,0.0
The Beato Dry Aged Steakhouse Bangsar,32,2.84375,0.47550000000000003,,0.17266410256410256,,,-0.006528571428571439,0.0
The Bikalan,15,4.866666666666666,0.37494,,0.40867000000000003,0.4741666666666666,0.0,0.4404,0.31245
The Book Sandwich Cafe,83,3.180722891566265,0.42360000000000003,,0.20568021929824562,-0.1873166666666667,-0.119175,0.2694375,0.156225
The Brasserie - The St. Regis Kuala Lumpur,14,3.2142857142857144,0.31143333333333334,,0.16877857142857144,,,0.32944000000000007,0.31245
The Brasserie At laguna,6,4.166666666666667,0.4215,,0.5405,,,0.46715,
The Brazzo House,34,2.823529411764706,0.38166,,0.23441111111111113,0.17661666666666667,0.0,0.303375,0.0
The Brick Cafe,8,4.375,0.13546249999999999,,0.32147333333333333,,0.2202,0.4939,0.0
The Brick Café,23,3.391304347826087,0.23803333333333332,,0.23265833333333333,,0.0,0.4939,
The Bungalow At Lone Pine Hotel,20,2.75,,,0.2873,0.4404,0.0,-0.27055,0.053075000000000004
The CABIN 寒舍,16,4.25,0.0,,0.178205,,,0.4939,
The Cafe at the Royal Selangor Visitor Centre,5,3.8,0.2202,,0.2954833333333333,,,0.0,0.0
The Canteen by Chef Adu,3,2.6666666666666665,0.2023,,0.28783333333333333,0.5719,,,0.0
The Carvery Restaurant,12,3.0833333333333335,0.4404,,0.10868214285714285,,,0.5574,0.4404
The Castle Restaurant,9,3.0,-0.5423,,0.05090357142857143,,0.0,0.13935,0.0
The Ceylon bar,3,3.0,0.4215,,0.29295,,,0.4939,0.0
The Chicken Rice Shop,1,1.0,,,,,,,
The Coffee Bean And Tea Leaf,1,5.0,,,0.4404,,,,
"The Container Cafe, Kuching",45,3.1555555555555554,0.25,,0.2613357142857143,,0.10775,0.20090000000000002,0.0
The Courtyard at Pavilion Hotel Kuala Lumpur,2,3.0,,,,,,0.43095,
The Daily Grind,35,3.4,0.0,,0.06549195652173913,0.0,0.12765,0.18012121212121213,0.048825
The Daily Grind Bangsar,72,3.2222222222222223,0.42438750000000003,,0.20517555555555556,,0.0,0.032738461538461536,0.0
The Dark Horse - Bar & Grill,1,5.0,0.6249,,,,,,
The Deck,21,2.0476190476190474,0.4215,,0.17602500000000001,0.0,0.3182,0.233575,0.0
The Deck Gastrobar,13,2.230769230769231,0.47550000000000003,,0.065625,0.0,,-0.28325,0.0
The Door Kitchen,1,4.0,,,0.31245,,,0.4939,
The Dyak,22,2.5,0.5719,,0.055170833333333336,,0.0,0.5232,0.0
The Elite Seafood Restaurant,86,3.0813953488372094,,,0.26418448275862066,0.17020000000000002,0.0,0.3318230769230769,0.0
The Enclave Bangsar,3,5.0,,,0.2202,,,,
The Enclave@Bangsar,22,3.6363636363636362,0.52705,,0.308125,,0.33030000000000004,0.35595,0.5719
The FOOD Tree,4,3.75,,,0.053075000000000004,0.0,0.0,0.0,
The Farm Bistro,14,1.9285714285714286,,,0.12077000000000002,,,-0.09819166666666668,0.0
The Fat Frog,35,3.5714285714285716,0.5440999999999999,,0.27506875,0.021600000000000008,0.21075,0.28163333333333335,
The Fisherman Wharf,38,2.8421052631578947,,,0.26155,,0.0,-0.21339999999999998,0.0
The Food Store,5,3.6,,,0.31245,,,0.5059111111111111,
The Four Aires,1,3.0,,,0.296,,,0.0,
The Foxhole,1,1.0,,,0.3551,,,,
The Ganga Café @ Sea Park,32,2.75,0.5719,,0.093065,,0.0,0.032869999999999976,0.0
The Geoventure,2,1.0,,,,,0.0,,
The Glen Lounge,2,3.5,,,0.16885,,,,
The Godfather,1,1.0,,,,,,,
The Grand Gem,10,3.0,0.6249,,0.0,,0.4404,0.0,-0.1027
The Grand Gem - Johor Bahru,17,2.9411764705882355,0.474275,,0.21962399267399269,0.0,0.13396666666666665,0.21075,-0.05135
The Grand Getaway,16,4.0,0.52075,,0.3751375,,,,0.159225
The Grand Getaway by Grand Hyatt Kuala Lumpur,11,4.2727272727272725,,,0.33336666666666664,,,0.570125,0.2202
The Great Beer Bar,44,3.1818181818181817,0.3551,,0.148,,0.21230000000000002,0.2906,0.31245
The Green Man Bar,31,3.2580645161290325,0.6249,,0.3650333333333333,0.6249,0.0,0.1803142857142857,0.0
The Green Man Pub & Restaurant,32,3.21875,0.38410000000000005,,0.31239999999999996,0.0,,0.35335694444444443,0.2202
The Grumpy Waiter,2,4.0,0.43095,,0.148,,,,
The Gulai House,58,3.5689655172413794,0.3065875,,0.15646203703703704,0.32256666666666667,0.0,0.3574412280701754,0.0
The Han Room,165,2.2666666666666666,0.215475,-0.148,0.1404226525821596,,0.0,-0.03586887096774193,0.0333
"The Hangout, DEMC Specialist Hospital",1,2.0,,,0.0,,,0.0,
The Happy 8 Cafe,18,3.1666666666666665,0.312215,,0.28279375,0.0,0.0,0.3618266666666667,0.31245
The Harbour Front,2,3.0,,,0.6249,,,-0.1589,
The Hash Cafe,11,3.272727272727273,0.5106,,0.14859999999999998,,0.4404,0.4939,
The Heritage,14,3.4285714285714284,,,0.2707158333333333,,0.10606666666666666,0.15011999999999998,0.0
The Heritage 喜临门,38,3.3157894736842106,-0.050949999999999995,,0.36655925925925925,,0.184925,-0.052564285714285716,0.2202
The Hive,2,1.0,,,,,,,
The Hungry Tapir,1,5.0,,,0.5719,0.4215,,0.4939,
The Irish Harp,3,2.3333333333333335,0.0,,,,0.0,0.008599999999999997,
The Jetty Food Court,119,3.0504201680672267,0.11697272727272727,,0.08231367521367522,0.040600000000000004,0.03771666666666667,-0.0683,0.03771666666666667
The Junk,251,2.9840637450199203,0.33056057692307694,0.4019,0.2195070238095238,0.03268749999999998,0.06369,-0.028882107843137255,0.029425396825396827
The Kappan House,4,3.0,,,0.22223333333333337,,0.0,,0.0
The Kari house,3,3.6666666666666665,,,0.6369,,,,
The King's Curry,65,2.9384615384615387,0.23645,,0.2129676923076923,,0.10212000000000002,-0.0059333333333333365,0.0
The Kings Curry,16,2.875,0.4404,,0.06799320512820513,,0.0,0.12828571428571428,
The Kitchen Project Cafe,1,5.0,,,,,,,
The Leaf Healthy Recipes At Bayan Baru,5,4.4,,,0.4967,,,,
The Library,3,4.333333333333333,,,,,,0.0741,0.6249
The Limestone's Fine Dining,19,2.736842105263158,0.4890666666666667,,0.17254772727272727,,0.0,-0.38554,0.0
The Limestone's Restaurant,42,2.5238095238095237,0.21075,,0.23376923076923076,0.2202,0.0,-0.19516250000000002,0.0
The Line Sandwich Cafe,6,3.0,0.2202,,0.5984,,0.0,0.0,
The Little Nyonya Cuisine,6,2.8333333333333335,,,0.004141666666666664,,0.0,-0.2294,0.0
The Little Nyonya Cuisine @ Gurney Plaza,69,1.8985507246376812,,,0.20536833333333335,,0.0,-0.16170227272727272,-0.10846
The Living Room,73,2.904109589041096,0.0,,0.14595811287477953,,0.3690333333333333,0.15093333333333334,0.0
The Loaf (Pavillion Kuala Lumpur),54,2.8333333333333335,,,0.07819916666666667,0.47228333333333333,0.0,-0.08358125,0.0
The Lobby Lounge,25,3.6,0.24973333333333333,,0.21105357142857145,0.105375,0.3551,0.20732499999999998,-0.029342857142857143
The Locker & Loft,50,3.42,0.22574,,0.42527,0.0,,0.016414285714285715,0.03815
The Loft - Love Lane,92,3.6956521739130435,0.3663692307692308,,0.2799194968553459,0.46085,0.2202,0.2805560606060606,-0.025675
The Lounge at Four Seasons,59,3.2711864406779663,0.3528,,0.10000564102564104,0.0,0.21194999999999997,0.15895227272727272,0.3785
The Magnificent Fish & Chips Bar,57,2.736842105263158,0.37784,,0.21200454166666666,0.29101666666666665,0.028900000000000002,0.20751166666666668,-0.01835
The Majapahit,11,2.4545454545454546,0.4577,,0.1298625,,,0.21991666666666668,0.0
The Mandarin Restaurant,35,3.0,0.4404,,0.08835833333333333,0.2202,0.1468,0.4404,0.0
The Manhattan Fish Market,26,2.076923076923077,,,0.04933333333333333,,0.0,-0.19011875,0.06554285714285714
The Melting Pot,18,2.2222222222222223,0.0,,0.0962030303030303,,0.0,-0.030685714285714285,0.0
The Mermaid Cafe . Ikan Bakar,6,3.3333333333333335,0.4215,,0.36745,,,,
The Mill Cafe,34,2.411764705882353,0.4404,,-0.0034511111111111123,0.1585,-0.148,0.196355,0.0
The Ming Room,40,2.7,0.4215,,0.1746136961451247,0.0,,0.02322833333333333,0.0
The Ming Room 名城酒家,80,2.5,0.2202,0.4404,0.09172654320987654,,0.14833333333333334,-0.06399313725490197,0.0
The Museum,66,2.893939393939394,,,0.2705685185185185,,-0.013374999999999998,-0.1680142857142857,
The Museum New Concept In Tow,12,3.5833333333333335,0.4404,,0.3844714285714286,,,0.41062000000000004,0.0
The Nest Cafe Lounge,37,3.3783783783783785,0.402875,0.24695,0.21781792717086834,,0.07434999999999999,0.19614285714285715,0.26632500000000003
The Olive Tree,44,2.8636363636363638,0.49692,,0.18066416666666665,,0.2083,0.1895409090909091,0.0
The Orchid Conservatory,3,2.3333333333333335,0.21075,,-0.119175,,0.0,,0.0
The Palace @ Setia City,3,1.6666666666666667,,,0.0,,,,
"The Palazzo Cafe & Restaurant, Malacca",3,2.6666666666666665,,,0.142975,,,0.0,0.0
The Peninsular Tailor Cafe,1,5.0,,,0.2787,0.0,,0.0,
The Penthouse Restaurant & Winebar,9,2.7777777777777777,,-0.4767,-0.21776666666666666,,0.0,-0.06040000000000001,
The Pomelo,8,2.25,0.4404,,-0.11526333333333334,,0.0,0.1468,
The Pomelo - The Banjaran Hotsprings Retreat,30,2.933333333333333,0.3279375,,0.09192380952380952,,-0.009075,0.23148333333333335,-0.1027
The Porterhouse Pub and Bistro,1,2.0,,,,,,,
The Pot KL,3,3.6666666666666665,,,0.20892499999999997,,,,
The Rabbit Hole,103,2.883495145631068,0.3686958333333333,,0.16796266666666668,-0.119175,0.12301111111111111,0.18023,0.06658125000000001
The Red Lantern Bistro,12,3.3333333333333335,,,0.4404,,,,
The Replacement - Lodge & Kitchen,138,2.963768115942029,0.29446739130434785,,0.21153833333333333,0.1076,0.0688,0.01735507246376811,0.10415
The Resort Cafe,3,3.0,,,0.6249,,,0.6249,
The River Grill,18,2.888888888888889,0.5232,,0.05845166666666666,0.28595,,0.4329,0.0
The Round Tower 1886 Cafe & Restaurant,21,2.6666666666666665,0.40568571428571426,,0.17451250000000001,,0.0,0.376425,-0.025675
The Secret Sanctuary Restaurant and Lounge,5,1.8,-0.0903,,0.30745833333333333,,0.24695,,
The Shepherdoo Restaurant & Lounge,9,3.0,0.4967,,0.6249,,0.15285,-0.3612,
The Sky Deli,11,2.090909090909091,,,-0.014620000000000011,0.5859,0.4404,0.296,0.0
"The Social, Bangsar",35,2.6,0.28753125,,0.11054615384615384,0.264528,-0.07224,0.11066666666666666,0.0
"The Social, Empire Subang",13,1.8461538461538463,0.4033,,-0.007170000000000004,0.0,,0.11438,0.0
"The Social, Publika",31,2.774193548387097,0.32311666666666666,,0.2026813888888889,0.6249,0.2263,0.07355454545454546,0.0
The Spice Kitchen,178,2.5730337078651684,0.1101,-0.4767,0.15644815196998124,0.38208000000000003,0.02936,0.04522241379310344,-0.02184761904761905
The Spring,63,3.492063492063492,0.42935000000000006,0.0,0.043675,0.2202,0.0,,0.0
"The Square, Novotel Melaka",11,2.1818181818181817,,,-0.00726,,0.2202,0.42755,0.0
The Steakhouse KL,105,3.8857142857142857,0.3869666666666667,,0.3144556763285024,0.38993,0.17977500000000002,0.4085207207207207,0.052075
The Steakhouse KL 章卡牛排之馆,63,3.3174603174603177,0.469,,0.32314244444444445,-0.4588,0.0,0.3049266666666667,0.0
The Sticky Wicket,6,4.0,0.4404,,0.5859,0.0,,0.2935625,0.5859
The Story Table,10,4.0,,,0.27446666666666664,,,0.0,
The Straits Werks and Cafe,2,4.0,0.3182,,0.471675,,,,
The Street Kitchen Melaka,5,2.0,,,0.22746666666666668,,,0.21075,
The Sugar Dynasty,1,3.0,,,0.0,,,,
The Sumbs Cafe,10,2.8,,,0.2249642857142857,,0.0,0.2023,0.0
The Summit Cafe,26,3.576923076923077,,,0.21059444444444445,,,-0.5423,
The Superb Cuisine,21,2.7142857142857144,,,0.16916666666666666,,0.0,0.148,
"The Swing Factory, Kuching",1,3.0,,,,,,,
The Table Penang,66,3.287878787878788,0.5232,,0.23265190476190475,-0.1027,0.029599999999999998,0.12794871794871795,-0.146475
The Terrace at Tamarind Springs,11,3.909090909090909,0.5522750000000001,,0.42255,,,0.5765666666666666,
The Texas Bbq Publika,3,2.6666666666666665,,,-0.11837500000000001,-0.1027,0.3182,0.24695,
The Thai Authority,18,3.7777777777777777,,,0.20659703703703702,0.0,0.0,0.3473583333333333,0.0
The Third Letter,2,3.0,,,0.5719,,,0.0,0.0
The Uma Bali,52,3.8846153846153846,0.30647142857142856,,0.23977010101010102,-0.03423333333333333,0.04765833333333333,0.256625,
The Velvet Lounge,3,5.0,0.5859,,0.4404,,,0.5865750000000001,
The Venue,38,3.289473684210526,0.2202,,0.25627307692307694,0.5106,0.1468,0.09427142857142858,0.0
The View Condominiums,7,3.7142857142857144,,,,0.0,,,
The Whisky Bar,166,4.180722891566265,0.40736739130434785,,0.3786043023255814,0.5064,0.12643333333333331,0.37626764705882354,0.25033125
The Whisky Bar KL 威士金酒吧,41,3.7560975609756095,0.3883142857142857,,0.28328,0.17556666666666665,0.0,0.4604785714285714,
The Windmill Station,6,2.8333333333333335,,,0.14049999999999999,,0.0,0.142975,0.0
The Wonder Ocean,2,2.0,0.4404,,0.0,,,,
The Workshop Grill,20,3.1,0.14038333333333333,,0.18867,,,0.123475,
The.Dyak,48,2.875,0.36788499999999996,,0.19756969841269842,,0.1101,0.28644615384615385,0.0
Thirstday Bar And Restaurant,55,3.7818181818181817,0.27793,0.4019,0.30544333333333334,0.5592375,0.1101,0.3824447368421053,0.0
Thirstday Bar and Restaurant,88,3.7613636363636362,0.3575802083333333,0.0,0.27579988795518207,0.44474545454545455,0.0,0.31734,0.0
Thirty8 Fashion,1,5.0,,,,,,0.2936,
Thosai Cafe,28,3.7142857142857144,,,0.19623333333333334,,,-0.04680000000000001,-0.006133333333333324
Three Sixty Revolving Restaurant and Rooftop Bar,73,2.7260273972602738,0.11380714285714286,,0.09148301282051283,-0.09146666666666665,0.08808,0.05843958333333333,0.06754
Thóng Thai Fusion,17,3.6470588235294117,,,0.21083333333333332,,,0.2202,0.0
Ti Chen,16,3.5,,,0.42984999999999995,0.0,,0.2936,
Ti Chen Chinese Restaurant,5,3.8,,,0.4404,,,,
Tian Xiang Yong Peng Fish Ball,1,4.0,,,,,,,
Ticklish Ribs & 'Wiches,112,3.3125,0.35209999999999997,,0.1216849358974359,0.28076666666666666,0.013073076923076922,0.36341111111111113,-0.03759
Tiffin,5,1.8,0.0,,-0.5423,,,,0.0
Tiffin Restaurant,20,2.9,,,0.11581217948717949,,,0.30657999999999996,0.1468
Tiffin's By Chef Korn Restaurant,63,3.3333333333333335,0.42622499999999997,,0.14818240740740743,0.1101,0.1020875,0.241294358974359,0.0
Tigerlily Thai Restaurant,11,1.8181818181818181,,,-0.06731277777777779,,0.0,0.07393,0.0
Tiki Taka,63,3.2063492063492065,0.38515000000000005,0.296,0.1945129761904762,0.20395000000000002,,0.2923428571428572,0.0
Timur Seafood Restaurant,1,1.0,,,,,,,
Tinot Laksa,2,2.5,,,,,,,
Tinot Laksa Sarawak,2,3.0,,,,,,,0.0
"Todd's Bistro, Dining & Lifestyle",2,3.5,0.35875,,0.4404,,,0.0,
Toh Yuen,14,3.0714285714285716,0.2873,,0.21687037037037038,,0.0,0.13066999999999998,0.0
Toh Yuen Chinese Restaurant,20,2.8,,,0.21852,-0.1591,0.4939,0.1575,
Toh Yuen Restaurant,1,5.0,,,0.4215,,0.0,0.4404,
Tok Janggut,6,2.8333333333333335,,,0.29396666666666665,,-0.1027,,0.6369
Tok Janggut Cafe (Beryani),61,3.2295081967213113,,,0.27821785714285713,0.4404,0.0,0.26526,0.0
Tokma Malay Kitchen,18,3.5555555555555554,0.5594,,0.12616000000000002,0.0,,0.33580000000000004,
Toku Toku Japanese Restaurant,1,5.0,0.4215,,0.0,,,,
Tokyo Japanese Restaurant,12,2.9166666666666665,0.11315,,0.09119166666666667,,0.0,0.51315,
"Tokyo Kitchen, Berjaya Times Square",13,3.0,,,0.168825,,,-0.11335,
Tokyo Teppan,11,3.4545454545454546,0.0,,0.2283801587301587,,0.0,0.33895,0.0
Tom's,45,3.088888888888889,0.42968333333333336,,0.31142608695652174,0.29295,0.0,-0.026456250000000004,0.0
"Tom, Dick & Harry's, Oasis Square",67,2.8507462686567164,0.33054375,,0.132185,0.21075,0.1468,0.195672,0.1468
Tonka Bean Cafe,23,2.5217391304347827,0.296,,0.13538181818181816,0.4404,0.07955,-0.13772,0.0
Tonkatsu Anzu,5,2.4,,,0.037,0.0,0.0,0.31245,
Tonkatsu by Ma Maison @1Utama,72,3.25,0.09576666666666667,,0.2700654761904762,-0.1531,0.24636666666666665,-0.06960416666666666,0.0
Tony Roma's,207,2.449275362318841,0.39893333333333336,0.0,0.1424087254901961,0.6249,-0.009392857142857139,-0.043729817708333334,0.06577894736842105
Top Spot Ling Loong Seafood No.6 & 33,41,3.1463414634146343,0.29295,,0.2195473611111111,0.0,0.1953,0.18715909090909089,-0.045191666666666665
Topshelf,7,3.142857142857143,0.0,,0.0,0.4404,,0.15571666666666667,0.0
Topspot Food Court,207,3.4009661835748792,0.4989,-0.17,0.19245748538011698,0.175975,0.05723055555555555,0.029167647058823524,0.016311111111111113
Toridoki,4,1.5,0.4215,,0.49560000000000004,,,-0.4767,
Tosca Italian Trattoria,23,3.260869565217391,0.3488,,0.1124,,-0.28595,0.36169375,0.0
Tosca Trattoria Italiana at DoubleTree by Hilton Johor Bahru,79,3.5443037974683542,0.3777666666666667,,0.25705346153846154,0.17559166666666667,0.15172,0.24184509803921572,0.1752
Totoro East & West Cuisine,1,3.0,,,0.13396666666666665,0.0,,,0.0
Trace Restaurant & Bar,27,3.5185185185185186,0.0,,0.09216961538461538,,0.0,0.15584727272727272,0.0
Tracy's Kitchen,4,2.75,,,,,,0.0,
Travellers Cafe Langkawi,2,1.0,,,,,,,
Tribal Stove,46,2.739130434782609,0.18168571428571426,,0.1579798611111111,,0.6249,0.280028125,0.0
Triple K,1,3.0,,,0.1468,,,0.4939,
Triple K Cafe 牛肉面家,26,3.076923076923077,0.0,,0.16372,,-0.296,0.46715,
Troika Sky Dinning,10,3.4,0.4404,,0.44569166666666665,,,0.22462500000000002,
Trois by navy,52,2.923076923076923,0.4017166666666667,0.0,0.2215072916666667,0.17020000000000002,0.07543333333333334,0.1315285714285714,0.0
Tropique Cafe & Restaurant,4,3.5,0.6249,,0.0,,,0.5594,
Tropique Café & Restaurant,58,2.7413793103448274,0.438325,,0.14120666666666665,0.2083,0.235775,0.06675151515151515,-0.09176
Tsukiji No.8,2,4.0,,,0.253075,,,,
Tuck Kee Restaurant Sdn. Bhd.,30,2.5,,-0.5423,0.10587870370370371,,0.0,-0.30107142857142855,0.0
Tujo,103,3.1844660194174756,0.41084545454545457,,0.19354594594594596,0.343125,0.22645833333333332,0.2314585,0.0
Tulsi Garden,78,2.217948717948718,0.4477333333333333,,0.022377941176470587,0.4404,0.0,-0.03479583333333333,0.0
Tumis@ Teak5 Lifestyle Furniture & Cafe',1,5.0,,,0.2202,,0.0,0.4404,
Tupai-Tupai,4,2.25,,0.4019,0.07819999999999999,,,-0.27115,0.0
Turkish Cafe Istanbul,32,3.53125,,,0.1612106140350877,0.6249,0.0,0.2312125,
Tut's Egyptian Eatery - Neo Damansara Kitchen (F-LG-3A),62,2.7903225806451615,0.0,,0.09692865646258504,,0.2202,0.13435,0.0
Tweenz Corner,4,3.5,,,0.2202,,,0.0,
Twenty & Co,2,2.0,0.5232,,0.10606666666666666,,,0.31245,
Twilight Bar & Lounge,5,3.0,,,0.142975,,0.0,0.4577,
Twilight Lounge | Bar,4,1.75,,,-0.4588,,,,
Two Buns,36,3.388888888888889,0.41169999999999995,,0.26402380952380955,-0.05135,0.07543333333333334,0.24695,0.0
Two Frenchies Cafe Bistro,55,4.109090909090909,0.5416500000000001,,0.33899259259259257,,0.5326500000000001,0.3988511904761905,0.19063333333333332
Two Frenchies Cafe Bistrot,25,4.64,0.48960000000000004,,0.27133541666666666,,0.25286666666666663,0.45217857142857143,0.0
U Cafe,10,2.4,0.29295,,0.11557809523809524,0.6249,,0.12077500000000001,0.0
U-Garden Crystal Grill&Steamboat,4,3.5,,,0.36985,,0.3182,,
UFB - Union Fashion Bar Garden,2,4.0,0.2818,,0.4404,,,0.517575,
UFB-Union Fashion Bar Garden,20,2.45,,,0.230225,,0.2083,0.0,
UK Asia Pakistani,9,2.3333333333333335,0.6249,0.0,0.16908333333333334,0.0,0.0,-0.5423,0.0
UNIQUE Cafe & Restaurant,5,2.6,,,0.33113333333333334,,,,
UROKO Japanese Cuisine,72,3.0972222222222223,0.46747777777777777,,0.1872375,0.0,-0.23373333333333335,0.14932063492063494,0.0
US Pizza,24,4.291666666666667,0.6249,,0.23769,0.0,0.105375,0.50615,0.0781125
Umai-Ya,28,2.392857142857143,0.4215,,0.06840795454545455,,-0.009199999999999986,-0.12068333333333332,0.0
Uncle Don's Solaris Dutamas - Publika,10,2.8,0.0,,0.23655,,0.17789166666666667,0.21075,0.0
Uncle Sam 15,1,3.0,,,0.1591,,,,
Uncle Tom's Tavern,3,2.3333333333333335,,,0.4404,,,,
Unicorn Cafe,12,2.9166666666666665,,,0.3636,,0.0,0.4939,-0.5859
Unique Seafood PJ23,100,3.09,0.105375,,0.1960489393939394,-0.056745000000000004,0.03771666666666667,0.18918157894736842,0.048933333333333336
Unkaizan,76,3.473684210526316,0.16276666666666667,,0.15107311320754716,0.1318,0.12301111111111111,0.3351859375,0.0734
Uokatsu,10,2.4,,,0.24534125,,0.2202,0.2888833333333333,
Urban Daybreak,115,3.0869565217391304,0.42125555555555555,0.4019,0.2484554012345679,0.0734,0.0,0.1927953125,0.0
Urban Restaurant,2,4.0,,,,,,0.1591,
Urban Spice Café,5,3.6,,,0.3501666666666667,,,,
Urbean,6,3.5,,,0.21309999999999998,0.0,,0.0,0.0
V Nam Kitchen,19,3.3684210526315788,,,0.21594722222222223,0.6249,0.20536,0.38554,0.0
VCR Bangsar,1,2.0,,,0.4404,,,-0.4588,
VDM Gallerie Cafe,1,3.0,0.4215,,0.0,,0.0,0.4019,
VMeet Cafe,1,4.0,,,,,,,
Vaanavil Restaurant,2,3.0,,,0.0,,0.0,,
Valentine Roti,8,2.5,,,0.059938888888888896,,,0.127775,0.0
Vantador,8,3.0,0.5719,,0.30164,,,-0.0747,0.0
Vasco's,169,3.0473372781065087,0.34274999999999994,0.0,0.17117754098360655,0.05041428571428571,0.016025000000000005,0.23392272727272728,0.09630588235294117
Vegan Delights,2,4.0,0.4215,,0.2936,,,,
Vegan Delights Cafe,37,3.675675675675676,0.46855,,0.3242666666666667,0.0,0.1468,0.3618125,
Vege Good Vegetarian Restaurant,1,5.0,,,0.0,,0.0,,
Verandah Lounge,28,4.25,0.2898222222222222,,0.0,,0.6249,0.47066818181818176,0.3612333333333333
Verbena,63,3.2857142857142856,,,0.3808809523809523,,0.148,-0.17399848484848485,0.0
Verinice,19,3.1578947368421053,,,0.2141375,,0.0,,
Verona Trattoria,58,3.0344827586206895,,,0.13819010416666666,0.5326500000000001,-0.11373333333333334,-0.006172222222222227,0.0
Vertigo,24,3.0833333333333335,0.13984583333333334,,0.1810875,0.0,0.0,0.24044666666666667,0.33113333333333334
Vertigo @ Banyan Tree Kuala Lumpur,57,2.5964912280701755,0.14700000000000002,0.2023,0.010887499999999994,0.0,-0.0595875,0.12532692307692306,0.0
Via Pre KL Italian restaurant,43,3.7209302325581395,0.29714,,0.30660625,0.2553,0.0,0.35573846153846156,
Via Pre Penang Italian Restaurants,65,2.9692307692307693,0.19063333333333332,0.0,0.22200827030812326,0.07543333333333334,-0.0185,0.14055555555555557,0.06291428571428571
Village Briyani Cafe,81,2.814814814814815,0.21075,0.4404,0.19535322580645162,,0.1097,0.11985384615384616,0.0
Village Park Restaurant,131,2.885496183206107,-0.3252,,0.14249581207482992,-0.1066375,0.11554444444444445,-0.1798875,0.009505
Village Roast Duck,23,3.130434782608696,,,0.20476785714285714,,0.0,0.05148928571428573,0.0
Village Roast Duck @ Bangsar Village,83,2.963855421686747,0.388975,,0.19653482142857143,,0.2202,-0.01594642857142858,0.0
Village Roast Duck @ Sunway Pyramid,75,2.88,,,0.18008768115942028,,0.2202,-0.31476944444444444,0.0
Vin's Restaurant,188,2.9202127659574466,0.3875222222222222,,0.2620604424778761,0.0,-0.13620000000000002,0.15159999999999998,0.0
Vin's Restaurant and Bar,125,3.808,0.4737275,0.4939,0.32833362139917693,0.17616,0.0,0.3455859649122807,0.10675909090909091
Vinh City Entertainment,4,3.75,0.0,,0.2202,0.4404,0.31845,0.4939,
Vinni Jeyaa Banana Leaf Curry House,4,1.5,,,0.28595,,,0.0,
Vintage Bulgaria Restaurant & Bar,19,2.6315789473684212,0.2861833333333333,,0.26659444444444447,,0.1101,-0.0850625,
Vintage Cafe,4,2.0,,0.0,0.0,,,0.5106,
Vintage Coffee and Bread,1,3.0,,,0.0,,,0.4939,
Vintage Green Cafe @ The Daughter,1,5.0,,,0.4404,,,0.4939,
Vishal Food and Catering,26,2.3846153846153846,-0.23835,-0.4767,0.19665305555555557,,-0.12498000000000001,-0.01634000000000001,0.21230000000000002
Viva Italia Restaurant,46,2.1956521739130435,0.11173333333333335,,0.03786228070175438,,0.105375,0.017528571428571425,
Viva Local Food Haven,103,3.1941747572815533,0.5326500000000001,0.33335000000000004,0.16367756097560976,0.0811875,0.11918333333333332,0.31245,0.0
Viva Victoria,26,3.5384615384615383,0.3372,0.0,0.3914625,,0.0,0.40771999999999997,
Vivo American Pizza & Panini,28,3.0714285714285716,0.35955000000000004,,0.16130466666666668,,,0.1871956043956044,
Volcano Grill Café,33,2.6666666666666665,0.1468,,0.17964,,-0.148,0.09884629629629631,0.0
Voyage Together Café,3,3.6666666666666665,,,0.09531666666666666,,,0.6053999999999999,
W XYZ Bar,8,3.25,0.6249,,-0.158,0.0,,0.4939,0.0
W.W. Laksa House,18,3.4444444444444446,,,0.111625,,0.1468,-0.34571666666666667,0.0
W.W. Laksa House 水塘。辣沙,109,2.926605504587156,,,0.09397692307692308,0.0,0.1468,0.50115,0.0
W1 Dining & Cocktails,5,4.8,,,0.142975,,,0.16463333333333333,
"WET Deck, W Kuala Lumpur",27,3.111111111111111,0.2875333333333333,,0.19316,0.28595,0.1366,0.3497625,0.20179999999999998
"WET® Deck, W Kuala Lumpur",61,3.0327868852459017,0.4305333333333334,,0.12028148148148149,0.31245,0.0,-0.16707333333333332,0.0
WHEELER'S,123,3.5040650406504064,0.319440625,,0.3047801528073916,0.31951666666666667,0.04228571428571428,0.29480000000000006,0.10847272727272728
WIP,31,3.129032258064516,0.24244545454545455,,0.11859375,0.0,0.6249,0.032,0.0
WOW KL,45,2.8,0.210575,,0.08389736842105262,,0.0,0.26718333333333333,0.31245
WTF - What Tasty Food,30,3.1666666666666665,-0.01815,,0.21169583333333333,,,-0.05856538461538463,0.12738
WXYZ Bar,13,3.8461538461538463,0.0,,0.2202,,0.21075,0.37284999999999996,0.0
WZT Cafe,3,3.3333333333333335,,,0.235775,,,,
Wa Zen Japanese Restaurant,62,3.6774193548387095,0.2866875,,0.24926344086021507,,0.05505,0.3074625,
Wadi Hadramawt,19,3.0526315789473686,0.4215,,0.20298958333333336,,0.4404,0.28328,
Wakakakaka 2.0,17,2.3529411764705883,,,0.25354,,0.3182,-0.13338333333333335,0.0
Wakakakaka Cafe,1,3.0,,,0.148,,,,
Wan Chun Ting Damansara,1,2.0,,,,,,-0.4767,
Wan Li Chinese Restaurant,37,3.054054054054054,0.105375,,0.12165138888888889,,0.22911666666666666,0.13130714285714287,0.0
Wan Sky Kafeteria,1,4.0,,,0.4404,,,,
Wang Chiew Seafood Restaurant,68,3.088235294117647,0.0,,0.18841666666666668,0.052425,0.03145714285714286,0.1210611111111111,0.0
Warakuya Japanese Restaurant,21,3.2857142857142856,0.4404,,0.12459848484848486,,0.0,-0.005818749999999999,0.0
Warisan Cafe,25,2.92,0.43995,,0.08515888888888888,,0.3551,0.31852800000000003,0.0
Waroeng Penyet - NU Sentral,7,2.857142857142857,,,0.17183333333333334,,,-0.016066666666666656,0.0
Warong Nusantara,30,2.533333333333333,0.0,0.0,0.14035666666666666,0.4404,0.0,0.062366666666666654,0.0
"Warong Nusantara Bukit Mata Kuching, Kuching, Sarawak.",123,2.821138211382114,0.0,,0.18009473684210528,0.0,0.13661666666666666,-0.0004866666666666575,0.0
Warung Bridge Water,7,2.4285714285714284,,,0.2294,,,,
Warung Janggus Ikan Bakar BBQ,42,2.142857142857143,,,0.08066999999999999,0.0,0.0,-0.038250000000000006,0.159225
Warung Jati Aisya,34,3.411764705882353,,,0.2409,,0.09786666666666667,0.0,0.0
Warung Plus Plus,1,1.0,,,-0.5095000000000001,,,-0.5423,0.0
Warung Pokok Cherry,108,3.138888888888889,,-0.36819999999999997,0.12461024305555556,,0.0,0.22704666666666667,0.0
Water Lily Vegetarian Restaurant,7,3.2857142857142856,,,-0.27785,0.0,,-0.4767,
Wawa Chicken,3,1.6666666666666667,,,-0.036950000000000004,,,-0.5423,0.0
Way Modern Chinois,14,3.357142857142857,0.5232,,0.15772750000000002,,,-0.4767,0.0
Weissbrau Bistro & Bar,25,2.68,0.296,,0.03219666666666666,0.5267,0.0,0.32261,0.0
Wen Chang Hainan Chicken Rice,72,2.486111111111111,,,0.07578444444444443,,0.0,-0.29546666666666666,0.0
Weng Fung Seafood Restaurant(Air Condition),43,2.9069767441860463,,,0.09749444444444444,,0.19007142857142859,0.11553,
Weng Kee Seafood Restaurant,2,2.0,,,0.2202,,,,
Weng Kee Seafood Restaurant（永記海鮮飯店）,54,2.9814814814814814,0.5106,,0.2701204585537919,,0.03771666666666667,-0.20439583333333333,0.0
Westside Bistro,1,1.0,,,,,,,
What The Duck Restaurant,27,3.3333333333333335,0.4215,,0.2735078431372549,,0.3374333333333333,0.4404,-0.017116666666666665
What the Duck Restaurant Penang,27,3.3703703703703702,0.01822499999999999,,0.12607549019607842,0.046125,0.033440000000000004,0.13336874999999998,
Whimsy Malaysia,5,3.0,,,0.50615,,0.0,0.5106,
White Horse Tavern,9,3.2222222222222223,0.28595,,0.2882,0.0,0.0,0.0,
WhupWhup,11,3.0,0.0,,0.1101,-0.056575,0.0,0.20167777777777776,0.17818333333333333
Wild Coriander,82,3.2195121951219514,0.4694333333333333,,0.2382001633986928,0.19135,0.42086500000000004,0.2367217171717172,0.05628333333333333
Wild Honey Malaysia,36,2.0833333333333335,0.3848333333333333,,0.08451136363636363,0.0,0.1101,0.15074666666666667,-0.056575
Wild Sheep Chase,8,2.625,0.285975,,0.256575,,,0.10666666666666667,0.0
Wild Sheep Home,35,3.142857142857143,0.27002,,0.10123205128205127,-0.017116666666666665,0.0,0.0987625,-0.1695
Wildflower Restaurant,1,3.0,,,0.2202,,,,
Wildflowers,5,3.8,0.5859,,0.163525,,,0.28881666666666667,
Williams Corner,144,2.4652777777777777,0.36719999999999997,-0.26720000000000005,0.16499038461538462,-0.28612499999999996,0.055945,-0.05216666666666667,0.0
Windmill Restaurant,5,1.8,,,-0.018137500000000015,,0.0,0.2202,
Wing Hiong Bah Kut Teh,1,5.0,,,0.0,,,,
Winn's Cafe,52,3.230769230769231,0.31245,,0.33190192307692307,-0.07543333333333334,0.2611,0.11449500000000001,0.0
Wizards at Tribeca,14,3.7857142857142856,0.24835,,0.17189000000000002,0.43095,,0.5134,
Wok & Grill Sedap Corner,1,3.0,,,,,,,
Wonderboom,46,3.0434782608695654,0.47488,,0.23986636363636363,0.3051333333333333,0.0,0.25142000000000003,0.07182000000000001
Wonderful Place,1,1.0,,,,,,-0.4588,
Wonderland Food Store,323,3.4891640866873064,0.40486000000000005,0.0,0.21728130511463845,0.018362499999999997,0.1294902564102564,0.3324592105263158,0.0294703125
Wong Kee Hai Lam Chicken Rice & Roast Pork,15,3.4,,,0.268105,0.4215,0.3057,0.4577,0.0683
Wong Koh Kee Restaurant,5,3.2,,,0.2202,0.0,,0.0,
Wong Solo,16,2.375,,,0.21357142857142858,,0.0,-0.16906666666666667,0.0
Wonton Stall at Jalan Hang Kasturi,1,3.0,,,,,0.0,,
Wood & Steel,2,2.5,,,0.0,,,,
Wood's,19,2.9473684210526314,,,0.14775,,0.0,0.2863,
Woodlands Vegetarian Restaurant,93,2.6989247311827955,0.166275,,0.1688361689814815,0.22223333333333337,0.19764285714285715,0.10060869565217391,0.0
Wucha 18,10,2.8,,,0.007933333333333329,-0.24080000000000001,0.0,0.2202,0.0
Wurst KL,7,4.714285714285714,0.4215,,0.09531666666666666,0.0,0.2202,,
XQ Thai Kitchen,1,4.0,,,0.2248,,,,
Xenri Japanese Cuisine,6,2.6666666666666665,0.4215,,0.10771333333333333,,,-0.01815,0.0
Xfrens Café and Restaurant,4,2.5,,,0.22754999999999997,,0.296,0.0,0.0
Xin Cuisine,29,3.2413793103448274,0.082175,0.4019,0.301859375,,0.0734,0.03663947368421053,-0.01027
Xin Fu Tang,1,3.0,,,,,,,0.0
Xuan Restaurant 聚軒,4,2.75,,,0.4404,,,-0.5423,0.0
"YEN, W Kuala Lumpur",31,3.7419354838709675,0.5019,,0.060833571428571424,,0.0,0.1889259259259259,0.5719
YUZU Japanese Restaurant,49,2.5306122448979593,0.2939875,,0.10460462962962963,,0.0,-0.02086666666666667,0.0
Yalla Yalla Arabic Cuisine,1,1.0,,,0.4404,,,,
Yalla Yalla Arabic Cuisine Kuching,10,4.0,,,0.44411666666666666,,0.0,,0.0
Yam Yam Cafe & Restaurant,35,3.942857142857143,0.09148888888888888,,0.19985,,0.0,0.3012888888888889,0.1101
Yam Yam Chinese Restaurant langkawi,35,3.057142857142857,0.59265,,0.3290125,0.4404,0.0,0.3728,0.0
Yamada Japanese Restaurant,2,1.5,,,,,,,0.2997
Yaoki Japanese Foods Sdn. Bhd.,32,3.4375,0.4256,,0.12458421052631578,,0.26335,0.12834166666666666,0.0
Yaoki Japanese Restaurant,5,3.2,,,0.06698333333333333,0.0,0.0,,0.0
Yap Hup Kee,1,2.0,,,,,,,
Yap Kee Banana Leaf,1,2.0,,,0.3612,,,,
Yash South Indian Cuisine,42,2.7142857142857144,0.5859,,0.3074015625,,-0.03612,0.05499999999999999,0.0
Yasmin Restaurant,39,3.9743589743589745,0.41578333333333334,,0.25354,0.0,0.1468,0.3705681818181818,0.156225
Yat Pan Dim Sum,6,4.166666666666667,,,0.5232,,0.0,0.31245,0.6249
Yatierose Cafe,3,4.333333333333333,,,0.38126666666666664,0.0,,,
Ye Zi Steamboat,28,3.4642857142857144,0.32135,,0.3594,-0.4767,0.06364,0.2729,
Yeap Noodles,64,3.1875,0.5859,,0.15936439393939394,,0.14977000000000001,0.18380694444444445,0.037
Yeast,50,2.94,0.21075,,0.230390625,,0.0,0.041257142857142846,0.2083
Yellow Brick Road,46,2.6739130434782608,0.34428333333333333,,0.1726530864197531,0.0,0.1101,0.0505764705882353,0.0
Yemeni Restaurant,2,3.0,,,0.0,,,0.0,0.0
Yeng Keng Cafe,22,2.9545454545454546,0.36729,,0.09651733333333332,,0.0,0.11594444444444443,0.0
Yeng Keng Café,46,3.217391304347826,0.4402375,,0.25378125,0.063825,0.1101,0.21130833333333332,
Yeoh's bak kut teh,3,3.0,,,,,,,0.0
Yezi Steamboat,17,3.5294117647058822,,,0.24610666666666664,,0.0,0.418225,0.0
Yi Ji Seafood and Steamboat Restaurant,1,5.0,,,0.0,0.0,,,
Yi Jia Seafood,1,3.0,,,0.4404,0.4215,,,
Yi Jia Seafood Restaurant (Bukit Indah),13,2.3846153846153846,,,0.19818,,0.31845,0.00045000000000000595,0.0
Yi Jia Seafood Sdn. Bhd.,140,2.95,0.5326500000000001,0.4019,0.1973181818181818,0.0,0.127645,0.2666279411764706,0.0
Yong Peng Fish Balls,6,2.8333333333333335,,,0.33030000000000004,,0.0,,
Yong Pin Restaurant,87,3.0344827586206895,0.27286666666666665,-0.5423,0.1636697222222222,0.0,0.049419230769230764,0.1835,0.0
Yong Yong Ice Kacang & Rojak,1,1.0,,,0.0,,,,
Yonggi House,1,3.0,,,0.0,,,,0.0
Yoshinoya & Hanamaru Udon @ Mid Valley Megamall,46,2.369565217391304,,,0.09517698412698412,,0.1468,0.01156666666666667,0.0
Yoshinoya Hanamaru Aeon Shah Alam,3,3.6666666666666665,,,0.04404,,,-0.1706,
You Kee XO,3,2.0,,,0.07646666666666667,,,-0.4767,0.0
Yu Noodle Cuisine,5,3.6,0.4404,,0.17020000000000002,0.2263,,0.5106,0.0
Yue,24,4.5,0.4967,,0.18991166666666665,0.0,,0.44272999999999996,
Yue @ Sheraton PJ,16,2.9375,0.31668333333333337,,0.2097,,,0.1446,
Yuk Sou Hin,42,3.642857142857143,0.40051,,0.24252028985507246,,0.0,0.17645526315789475,0.0
Yum Yum Restaurant Ipoh,57,3.3508771929824563,0.4215,,0.3329005,,0.2202,0.14934999999999998,0.0
Yum yum,28,3.1785714285714284,0.198075,0.4019,0.18529509803921568,-0.07274999999999998,0.0,0.06325,0.0
Yun House,65,3.3692307692307693,0.4191214285714286,0.0,0.21412401960784314,,,0.111382,-0.008558333333333333
Yung Lai Siang,1,3.0,,,,,,,
Yut Kee,69,3.1159420289855073,0.0,,0.12306380208333333,0.0,0.36819999999999997,0.1863309523809524,0.04404
Yut Kee Restaurant,95,3.1052631578947367,0.1468,,0.13561380184331798,-0.024399999999999995,-0.0747,0.2537811111111111,0.03191086956521739
Yuzu,7,2.142857142857143,,,0.0,,,-0.18076666666666666,0.0
ZENZERO Restaurant & Wine Bar,43,3.0930232558139537,0.239,,0.19096130434782607,0.0,0.0,0.19374,0.0
ZF Seafood Restaurant 卓峰海鲜餐,22,3.227272727272727,,,0.2899928571428571,,0.2121333333333333,-0.5423,0.0
Zaika Restaurant,22,3.5,0.0,0.0,0.25777222222222224,0.0,,0.17853333333333332,
Zaituna Restaurant,1,5.0,,,,,,,
Zam Zam Arabic Restaurant & Grand Ballroom,12,2.6666666666666665,0.1101,,0.16459374999999998,,,-0.23620000000000002,
Zende Restaurant,6,2.6666666666666665,-0.4168,,0.09866666666666667,,,0.02645,0.0
Zenzero Restaurant & Wine Bar,76,4.171052631578948,0.33416388888888887,,0.24075747863247862,0.059199999999999996,0.222425,0.35636285714285715,0.21306000000000003
Zest,34,3.588235294117647,0.491225,,0.07988928571428573,,0.0,0.39881222222222223,0.01949999999999999
Zhong Hua Lou Seafood Restaurant,33,2.878787878787879,0.0,,0.31375764705882353,0.0,-0.016444444444444446,0.24695,0.0
Zhong Tai Seafood Restaurant,81,2.2839506172839505,,,0.24086354166666668,0.4404,-0.012333333333333333,-0.10972727272727273,0.0
Zhu Yuan Vegetarian Restaurant 竺緣素食齋菜館,23,2.347826086956522,0.2023,,0.11329166666666667,,0.21075,-0.11375555555555555,
Zhun San Yen Vegetarian,13,3.923076923076923,,,0.2934375,,0.296,,
Zhun San Yen Vegetarian Food,3,3.3333333333333335,,,0.21075,,,0.4939,
Zinc Restaurant & Bar,36,3.6666666666666665,0.31955,,0.27447499999999997,,0.0,0.34154615384615383,0.0
Zinc Restaurant and Bar,77,4.090909090909091,0.3843625,,0.2848988888888889,0.33259333333333335,0.25095,0.2724265625,0.0
Zipangu,45,3.066666666666667,0.244,,0.1450253968253968,0.5106,0.0,0.18136944444444444,0.0
"Zipangu, Shangri-La Hotel, Kuala Lumpur",47,3.1702127659574466,0.31245,,0.14871562500000002,,0.24145714285714284,0.10106666666666668,0.6369
Zu Sakuraitei,20,2.95,,0.4404,0.13578076923076923,,,0.1445,
Zuan Yuan Chinese Restaurant,68,2.75,0.371175,0.4019,0.10687814814814815,,0.0,0.11292200000000001,0.0
a'Roma dinings,68,2.9558823529411766,0.43157142857142855,,0.21750250000000002,-0.11315,0.37929999999999997,0.1673888888888889,0.0
bloom by Mokmok,2,4.0,0.4215,,0.6249,0.4215,0.5106,,
d'Tandoor Restaurant Damansara Utama,57,2.6842105263157894,0.33913333333333334,,0.15655502645502645,,0.1101,0.20073125,0.05303333333333333
de Cuisine,30,2.566666666666667,0.0,,0.22170416666666667,,0.0,0.017204166666666663,0.0
el iberico,35,3.8,0.48132916666666664,,0.2920888888888889,0.44699999999999995,0.3143666666666667,0.14355925925925928,0.0
escobar,41,2.4878048780487805,0.16512,,0.156356,0.4215,0.0,0.010938888888888894,0.0
fatCUPID,172,3.7848837209302326,0.36370483870967746,,0.270295626984127,0.2581625,0.1728375,0.392026,0.073335
gCafe Mount Austin,3,1.0,,,,-0.23835,,,
habanna charbroil steakhouse,35,3.085714285714286,0.4404,,0.2376857142857143,0.0,0.0,0.2819375,0.0
hokkaido seafood restaurant,20,3.7,0.0,,0.2542363636363636,0.43095,0.25576666666666664,0.21505,0.0
kuching red kolo mee,13,2.923076923076923,,,-0.27115,,,,
leaf & co. cafe,236,2.940677966101695,0.3081741935483871,0.4939,0.13865246993746994,0.02378888888888889,0.04071923076923077,0.07224924242424241,0.00826
medifoods (M) Sdn BHd,2,4.5,,,0.4404,,,,
myBurgerLab OUG,192,3.15625,0.36245,,0.29229166666666667,0.2936,0.12273333333333332,0.10712954545454546,-0.020710714285714284
restoran saravanna,26,3.3461538461538463,,,0.16889122807017545,-0.34,0.2083,0.2918428571428571,0.0
s11kopitiam,1,3.0,,,0.21075,,,,
sarvana bhavan,13,3.1538461538461537,,,0.08555909090909092,,0.6249,0.1468,
the corner cafe jb 转角,2,4.0,,,0.5106,,,,
twenty-one kitchen+bar,17,3.3529411764705883,0.26632500000000003,,0.25221458333333335,-0.064,0.4404,0.33895,0.0
uskudars restaurant,8,2.0,,,0.09912999999999998,0.6249,,,-0.5423
wan chai,1,3.0,,,,,0.0,,
Ăn Viet,26,2.6538461538461537,0.4404,,0.15368275,,0.0,-0.02876250000000001,0.04019
"Ăn Viet, Gurney Plaza | Vietnamese Food Restaurant",39,3.1538461538461537,,,0.24093484848484847,,0.0707111111111111,0.33744999999999997,0.0
مطعم قصر العرب Arab Palace Restaurant,41,3.0,,,0.348693137254902,,0.13751428571428573,0.36113333333333336,
லூசி லிங்கம் வாழை இலை உணவகம்,24,2.7916666666666665,,,0.2671,,0.0,-0.0121,0.0
一品轩 Yi Bin the Mansion of Tea Art,9,3.0,,,0.14049999999999999,,,0.4215,
乐天酒楼,25,2.92,,,0.15839999999999999,,0.148,-0.5095000000000001,0.0
云山阁素食茶馆 Yun Shan Ge Vegetarian House,27,3.0,0.233025,,0.19216333333333332,-0.4767,0.0,0.2873,0.0
人間茶坊之老店 Life Cafe @ Padungan,49,3.306122448979592,0.2745,,0.14523416666666666,0.6249,,0.02492142857142857,0.0
北栈食馆 Bei Zhan Restaurant,90,2.911111111111111,0.4769,,0.24473523550724638,0.0734,0.1521857142857143,0.028717460317460315,-0.08808
友谊饭店,60,2.85,,,0.09641666666666666,,0.10212000000000002,-0.5423,0.0
台灣風味館 Miri Taiwan Restaurant,7,3.4285714285714284,,,0.06511999999999998,,,,
四川海鲜饭店 Sin Sze Chuan Restaurant,7,3.142857142857143,,,0.56765,,0.0,-0.15906666666666666,
天香 永平手工鱼丸 Tian Xiang Fish Ball,19,3.5789473684210527,,,0.24500000000000002,,0.0,,
富二代 Fu Er Dai,97,3.0,0.05760000000000001,0.4404,0.15902391304347827,0.39430000000000004,0.049958333333333334,0.0696299107142857,0.0
寒舍 HANSHE @Perling,16,2.6875,,,0.09200357142857142,,0.0,0.008599999999999997,
心安素食斋料食馆 Xin An Vegetarian Cafe,15,2.1333333333333333,,,0.09866666666666667,,-0.017325000000000007,-0.5423,
怡保古早味猪肠粉 Ipoh Traditional Style Chee Cheong Fun,2,5.0,,,,0.0,,,
我家餐館Our Kitchen Nyonya Restaurant,26,3.230769230769231,,,0.2212861111111111,,0.10606666666666666,0.12989166666666666,0.0
海皇粿条仔Restaurant Hi Wan,46,2.717391304347826,,,0.034872252747252745,0.0,0.2202,0.4404,0.05505
淡杯叻沙 Tampoi Laksa,1,4.0,,,0.2202,,,,0.0
田園粥火锅 Farmland Porridge Steamboat,11,3.4545454545454546,,,0.4404,,0.0,0.4404,0.0
相聚火锅 The Gather BBQ Steamboat(新犀鸟阁 New Hornbill BBQ Steamboat）,12,2.4166666666666665,,,0.09866666666666667,,,-0.3178,0.0
老行家 Expert (RH Plaza),1,3.0,,,0.18409999999999999,0.4404,,,
越南小廚 V NAM KITCHEN,52,3.2115384615384617,-0.27115,,0.15750873015873015,0.4404,0.0,0.09955454545454545,0.0
阿胜乐乐,1,3.0,,,,,,,
青山角 / Green Hill Corner,25,3.28,,,0.31930625,,-0.1806,,
食得福美食中心Cedar Point Food Centre,104,3.076923076923077,,-0.19948333333333335,0.24925373897707231,0.47550000000000003,0.2271,-0.32236666666666663,0.0
龍門客棧 Dragon Door Inn Steamboat Restaurant,1,3.0,0.0,,,,,,
